รหัส,ประเภทธุรกิจ,จำนวน,จำนวนหน้า
01111,การปลูกข้าวโพดที่ใช้เมล็ดแก่,24,1
01112,การปลูกธัญพืช (ยกเว้นข้าวและข้าวโพด),34,1
01113,การปลูกพืชตระกูลถั่ว,15,1
01114,การปลูกถั่วเหลือง,3,1
01115,การปลูกพืชน้ำมัน (ยกเว้นถั่วเหลือง),10,1
01121,การปลูกข้าวจ้าว,640,2
01122,การปลูกข้าวเหนียว,374,1
01131,การปลูกพืชผักกินใบและพืชผักกินต้น รวมถึงการเพาะเมล็ดพันธุ์ผัก,134,1
01132,การปลูกพืชผักกินผลรวมถึงแตงชนิดต่าง ๆ รวมถึงการเพาะเมล็ดพันธุ์ผัก,48,1
01133,การปลูกพืชผักกินหัว,9,1
01135,การปลูกมันสำปะหลัง,84,1
01136,การเพาะเห็ด,98,1
01139,การปลูกพืชผักอื่นๆ ซึ่งมิได้จัดประเภทไว้ในที่อื่น,307,1
01140,การปลูกอ้อย,74,1
01150,การปลูกยาสูบ,5,1
01161,การปลูกฝ้าย,1,1
01169,การปลูกพืชเส้นใยอื่นๆ ซึ่งมิได้จัดประเภทไว้ในที่อื่น,5,1
01191,การปลูกข้าวโพดเลี้ยงสัตว์,30,1
01192,การปลูกพืชล้มลุกที่ใช้เป็นอาหารสัตว์ (ยกเว้นข้าวโพด เลี้ยงสัตว์),10,1
01193,การปลูกกล้วยไม้,28,1
01194,การปลูกไม้ดอกอื่นๆ (ยกเว้นกล้วยไม้),23,1
01199,การปลูกพืชล้มลุกชนิดอื่นๆ ซึ่งมิได้จัดประเภทไว้ในที่อื่น,65,1
01210,การทำสวนองุ่น,7,1
01221,การปลูกสับปะรด,13,1
01222,การปลูกทุเรียน,42,1
01223,การปลูกลำไย,8,1
01224,การปลูกมะม่วง,14,1
01225,การปลูกกล้วย,19,1
01226,การปลูกมังคุด,5,1
01227,การปลูกเงาะ,1,1
01229,การปลูกไม้ผลเมืองร้อนและกึ่งร้อนอื่นๆซึ่งมิได้จัดประเภท ไว้ในที่อื่น,11,1
01231,การปลูกส้ม,16,1
01239,การปลูกไม้ผลตระกูลส้มอื่นๆซึ่งมิได้จัดประเภทไว้ในที่อื่น,9,1
01249,การปลูกไม้ผลเมืองหนาวอื่นๆ ซึ่งมิได้จัดประเภทไว้ในที่อื่น,2,1
01251,การปลูกไม้ผลเปลือกแข็งที่กินได้,5,1
01259,การปลูกไม้ผลยืนต้นอื่นๆซึ่งมิได้จัดประเภทไว้ในทื่อื่น,67,1
01261,การปลูกปาล์มน้ำมัน,175,1
01262,การปลูกมะพร้าว,43,1
01269,การปลูกไม้ยืนต้นอื่นๆที่ให้น้ำมันซึ่งมิได้จัดประเภทไว้ในที่อื่น,6,1
01271,การทำไร่ชา,19,1
01272,การทำไร่กาแฟ,22,1
01279,การปลูกพืชอื่นๆที่นำไปทำเครื่องดื่มซึ่งมิได้จัดประเภทไว้ในที่อื่น,35,1
01281,การปลูกพริก,8,1
01282,การปลูกพริกไทย,2,1
01289,การปลูกพืชอื่นๆประเภทเครื่องเทศเครื่องหอมยารักษาโรค และพืชทางเภสัชภัณฑ์ซึ่งมิได้จัดประเภทไว้ในที่อื่น,592,2
01291,การปลูกต้นยางพารา,103,1
01292,การปลูกพืชที่ใช้ในการถักสาน,8,1
01299,การปลูกพืชยืนต้นประเภทอื่นๆซึ่งมิได้จัดประเภทไว้ในที่อื่น,320,1
01301,การทำสวนไม้ประดับ,36,1
01302,การปลูกพืชการเพาะพันธุ์และการขยายพันธุ์พืชอื่นๆ,255,1
01411,การเลี้ยงโคนมและโคเนื้อ,145,1
01412,การเลี้ยงกระบือนมและกระบือเนื้อ,7,1
01419,การเลี้ยงโคและกระบือเพื่อวัตถุประสงค์อื่นๆซึ่งมิได้จัดประเภท ไว้ในที่อื่น,19,1
01420,การเลี้ยงม้าลาล่อม้าล่อและสัตว์อื่นๆที่คล้ายม้า,7,1
01441,การเลี้ยงแกะ,4,1
01442,การเลี้ยงแพะ,24,1
01450,การเลี้ยงสุกร,808,3
01461,การเลี้ยงไก่ไข่,244,1
01462,การเลี้ยงไก่เนื้อ,536,2
01463,การเลี้ยงเป็ด,22,1
01469,การเลี้ยงสัตว์ปีกอื่นๆ ซึ่งมิได้จัดประเภทไว้ในที่อื่น,173,1
01492,การเลี้ยงไหมผีเสื้อและแมลง,19,1
01493,การเลี้ยงผึ้ง,59,1
01494,การเลี้ยงนกนางแอ่น,25,1
01496,การทำฟาร์มสัตว์เลี้ยง (ยกเว้นสัตว์น้ำ),63,1
01499,การเลี้ยงสัตว์ประเภทอื่นๆ ซึ่งมิได้จัดประเภทไว้ในที่อื่น,413,2
01500,การทำฟาร์มผสมผสาน,232,1
01600,กิจกรรมสนับสนุนการเกษตรและกิจกรรมหลังการเก็บเกี่ยว,1,1
01611,การควบคุมแมลงและสัตว์ศัตรูพืช,198,1
01612,การดำเนินการเกี่ยวกับอุปกรณ์การให้น้ำและเครื่องมือชลประทาน ทางการเกษตร,44,1
01619,กิจกรรมสนับสนุนการผลิตพืชผลซึ่งมิได้จัดประเภทไว้ในที่อื่น,808,3
01621,กิจกรรมสนับสนุนการแพร่พันธุ์สัตว์,22,1
01629,กิจกรรมสนับสนุนการเลี้ยงสัตว์อื่นๆซึ่งมิได้จัดประเภทไว้ในที่อื่น,79,1
01630,กิจกรรมหลังการเก็บเกี่ยวพืชผล,172,1
01640,กระบวนการจัดการเมล็ดพันธุ์เพื่อการขยายพันธุ์,81,1
01700,การล่าสัตว์การดักสัตว์และกิจกรรมบริการอื่นๆที่เกี่ยวข้อง,15,1
02100,วนวัฒนวิทยาและกิจกรรมอื่นๆที่เกี่ยวกับป่าไม้,74,1
02200,การทำไม้,119,1
02300,การเก็บหาของป่า,9,1
02400,บริการสนับสนุนการป่าไม้,30,1
03111,การจับปลาทะเล,18,1
03112,การจับกุ้งทะเล,1,1
03113,การจับปูทะเล,1,1
03114,การจับหมึก,1,1
03115,การจับหอยทะเล,1,1
03119,การประมงทะเลอื่นๆ ซึ่งมิได้จัดประเภทไว้ในที่อื่น,41,1
03121,การจับปลาน้ำจืด,11,1
03122,การจับกุ้งน้ำจืด,1,1
03129,การประมงน้ำจืดอื่นๆ ซึ่งมิได้จัดประเภทไว้ในที่อื่น,11,1
03211,การเพาะเลี้ยงปลาทะเล,9,1
03212,การเพาะเลี้ยงกุ้งทะเล,86,1
03213,การเพาะเลี้ยงหอยทะเล,3,1
03214,การเพาะเลี้ยงสัตว์ทะเลสวยงาม,7,1
03219,การเพาะเลี้ยงสัตว์น้ำทะเลอื่นๆซึ่งมิได้จัดประเภทไว้ในที่อื่น,30,1
03221,การเพาะเลี้ยงปลาน้ำจืด,78,1
03222,การเพาะเลี้ยงกุ้งน้ำจืด,38,1
03223,การเพาะเลี้ยงกบ,2,1
03224,การเพาะเลี้ยงจระเข้,11,1
03225,การเพาะเลี้ยงสัตว์น้ำจืดสวยงาม,31,1
03229,การเพาะเลี้ยงสัตว์น้ำจืดอื่นๆ ซึ่งมิได้จัดประเภทไว้ในที่อื่น,22,1
05100,การทำเหมืองถ่านหินคุณภาพสูง,18,1
05200,การทำเหมืองลิกไนต์,10,1
06100,การผลิตน้ำมันดิบ,25,1
06200,การผลิตก๊าซธรรมชาติ,27,1
07100,การทำเหมืองสินแร่เหล็ก,21,1
07210,การทำเหมืองสินแร่ยูเรเนียมและทอเรียม,1,1
07291,การทำเหมืองสินแร่ดีบุก,24,1
07292,การทำเหมืองสินแร่สังกะสี,2,1
07299,การทำเหมืองสินแร่โลหะนอกกลุ่มสินแร่เหล็กอื่น ๆ ซึ่งมิได้จัด ประเภทไว้ในที่อื่น,456,2
07300,การทำเหมืองสินแร่โลหะมีค่า,24,1
08101,การทำเหมืองหินที่ใช้ในการก่อสร้าง,459,2
08102,การทำเหมืองหินปูนยิปซัมชอล์กและโดโลไมต์,90,1
08103,การขุดกรวดและทราย,534,2
08104,การทำเหมืองดิน,42,1
08910,การทำเหมืองแร่ที่ใช้ทำเคมีภัณฑ์และปุ๋ย,24,1
08931,การทำเหมืองเกลือสินเธาว์,9,1
08932,การทำเหมืองเกลือสมุทร,9,1
08991,การทำเหมืองแร่รัตนชาติและกึ่งรัตนชาติ,14,1
08999,การทำเหมืองแร่ เหมืองแร่อโลหะและเหมืองหินอื่นๆ ซึ่งมิได้จัดประเภทไว้ในที่อื่น,302,1
09100,กิจกรรมที่สนับสนุนการขุดเจาะน้ำมันดิบและก๊าซธรรมชาติ,194,1
09900,กิจกรรมที่สนับสนุนการทำเหมืองแร่และเหมืองหินอื่นๆ,62,1
10000,การผลิตผลิตภัณฑ์อาหาร,8,1
10111,การฆ่าสัตว์ (ยกเว้นสัตว์ปีก),124,1
10112,การบรรจุเนื้อสัตว์สด (ยกเว้นสัตว์ปีก),60,1
10120,การฆ่าและการบรรจุเนื้อสัตว์ปีกสด,121,1
10131,การผลิตเนื้อสัตว์และเนื้อสัตว์ปีกด้วยการอบแห้ง การทำเค็มหรือ การรมควัน,117,1
10132,การผลิตไส้กรอกลูกชิ้นและผลิตภัณฑ์อื่นที่คล้ายกันที่ทำจาก เนื้อสัตว์และเนื้อสัตว์ปีก,244,1
10133,การผลิตเนื้อสัตว์และเนื้อสัตว์ปีกบรรจุกระป๋อง,6,1
10134,การผลิตผลิตภัณฑ์พลอยได้จากสัตว์และสัตว์ปีก,91,1
10139,การผลิตผลิตภัณฑ์อื่น ๆ จากเนื้อสัตว์และเนื้อสัตว์ปีกซึ่งมิได้จัด ประเภทไว้ในที่อื่น,184,1
10210,การผลิตสัตว์น้ำและผลิตภัณฑ์สัตว์น้ำสดแช่เย็นหรือแช่แข็ง,1,1
10211,การผลิตปลาและผลิตภัณฑ์จากปลาสดแช่เย็น หรือแช่แข็ง,131,1
10212,การผลิตสัตว์น้ำและผลิตภัณฑ์สัตว์น้ำสด (ยกเว้นปลา) แช่เย็นหรือแช่แข็ง,136,1
10221,การผลิตปลาบรรจุกระป๋อง,42,1
10222,การผลิตสัตว์น้ำ (ยกเว้นปลา) บรรจุกระป๋อง,18,1
10291,การผลิตผลิตภัณฑ์สัตว์น้ำด้วยการอบแห้ง การรมควัน การทำเค็ม การหมักในน้ำเกลือ หรือน้ำส้มสายชู,179,1
10292,การผลิตไส้กรอกลูกชิ้นและผลิตภัณฑ์อื่นที่คล้ายกันที่ทำจาก สัตว์น้ำ,25,1
10293,การผลิตน้ำปลาและผลิตภัณฑ์สัตว์น้ำที่ได้จากการหมัก,183,1
10294,การผลิตปลาป่นสำหรับใช้เป็นอาหารสัตว์,77,1
10295,การแปรรูปสาหร่าย,31,1
10299,การผลิตผลิตภัณฑ์อื่น ๆ จากสัตว์น้ำซึ่งมิได้จัดประเภทไว้ในที่อื่น,65,1
10300,การแปรรูปและการถนอมผลไม้และผัก,1,1
10301,การผลิตผลไม้และผักแช่แข็ง,126,1
10302,การผลิตผลไม้และผักบรรจุกระป๋อง,112,1
10303,การผลิตน้ำผลไม้และน้ำผัก,298,1
10304,การถนอมผลไม้หรือผักโดยการทำเค็มการอบแห้งการแช่ ในน้ำมันหรือในน้ำส้มสายชู,142,1
10305,การผลิตแยมแยมผิวส้มและเยลลี,17,1
10306,การแปรรูปและการถนอมมันฝรั่ง,11,1
10307,การผลิตผลิตภัณฑ์จากถั่วเปลือกแข็ง,43,1
10309,การแปรรูปและการถนอมผลไม้และผักด้วยวิธีอื่นๆซึ่งมิได้ จัดประเภทไว้ในที่อื่น,945,3
10411,การผลิตน้ำมันถั่วเหลือง,5,1
10412,การผลิตน้ำมันรำข้าว,14,1
10414,การผลิตน้ำมันมะพร้าว,61,1
10419,การผลิตน้ำมันพืชชนิดอื่น ๆ ซึ่งมิได้จัดประเภทไว้ในที่อื่น,111,1
10420,การผลิตน้ำมันปาล์ม,208,1
10491,การผลิตน้ำมันและไขมันจากสัตว์,27,1
10499,การผลิตผลิตภัณฑ์อื่น ๆ ที่ได้จากน้ำมันพืชซึ่งมิได้จัด ประเภทไว้ในที่อื่น,31,1
10501,การผลิตน้ำนมสด (ยกเว้นน้ำนมดิบ),64,1
10502,การผลิตผลิตภัณฑ์นมข้นหรือนมผง,29,1
10503,การผลิตไอศกรีมและไอศกรีมหวานเย็น,197,1
10504,การผลิตโยเกิร์ตและนมเปรี้ยว,22,1
10505,การผลิตเนย,20,1
10509,การผลิตผลิตภัณฑ์นมอื่น ๆ ซึ่งมิได้จัดประเภทไว้ในที่อื่น,49,1
10611,การสีข้าว,1119,3
10612,การผลิตแป้งจากข้าว,19,1
10613,การผลิตแป้งสาลี,19,1
10614,การผลิตแป้งข้าวโพด,5,1
10615,การผลิตแป้งจากเมล็ดธัญพืชอื่น ๆ ซึ่งมิได้จัดประเภทไว้ในที่อื่น,42,1
10616,การผลิตแป้งผสมหรือแป้งสำเร็จรูปสำหรับใช้ทำขนมปังและ ประกอบอาหารอื่น ๆ,93,1
10617,การผลิตน้ำธัญพืช,31,1
10619,การผลิตผลิตภัณฑ์อื่น ๆ จากเมล็ดธัญพืชซึ่งมิได้จัด ประเภทไว้ในที่อื่น,932,3
10621,การผลิตมันเส้นและมันอัดเม็ด,74,1
10622,การผลิตสตาร์ชมันสำปะหลัง,155,1
10623,การผลิตสตาร์ชจากข้าวโพดธัญพืชและพืชผักอื่น ๆ (ยกเว้นมันสำปะหลัง),9,1
10629,การผลิตผลิตภัณฑ์จากสตาร์ชอื่น ๆ ซึ่งมิได้จัดประเภทไว้ในที่อื่น,32,1
10711,การผลิตขนมปังเค้กและเพสตรี,651,2
10712,การผลิตขนมปังกรอบและผลิตภัณฑ์ขนมอบกรอบอื่น ๆ,127,1
10713,การผลิตขนมไทยประเภทอบ,42,1
10721,การผลิตน้ำตาลดิบจากอ้อย,25,1
10722,การผลิตน้ำตาลบริสุทธิ์,107,1
10723,การผลิตน้ำตาลจากพืช (ยกเว้นอ้อย),30,1
10731,การผลิตโกโก้และผลิตภัณฑ์จากโกโก้,27,1
10732,การผลิตผลิตภัณฑ์ช็อกโกแลตและขนมหวานจากช็อกโกแลต,33,1
10733,การผลิตหมากฝรั่ง,1,1
10734,การถนอมผลไม้ถั่วเปลือกแข็งเปลือกผลไม้และส่วนอื่นๆของพืชโดยใช้น้ำตาล,7,1
10739,การผลิตลูกกวาดและขนมอื่น ๆ ที่ทำจากน้ำตาลซึ่งมิได้จัดประเภทไว้ในที่อื่น,48,1
10741,การผลิตพาสต้า,10,1
10742,การผลิตเส้นก๋วยเตี๋ยว บะหมี่ วุ้นเส้น,156,1
10743,การผลิตผลิตภัณฑ์อาหารจำพวกแป้งชนิดสำเร็จรูปและ กึ่งสำเร็จรูป,33,1
10749,การผลิตผลิตภัณฑ์อาหารจำพวกแป้งอื่น ๆ ที่คล้ายกันซึ่งมิได้ จัดประเภทไว้ในที่อื่น,36,1
10751,การผลิตอาหารปรุงสำเร็จแช่แข็ง,258,1
10752,การผลิตอาหารปรุงสำเร็จบรรจุในภาชนะปิดสนิทโดยวิธีสุญญากาศ,147,1
10761,การผลิตกาแฟ,360,1
10762,การผลิตชา,79,1
10769,การผลิตสมุนไพรผงสำหรับชงเป็นเครื่องดื่ม,118,1
10771,การผลิตเครื่องเทศและเครื่องแกงสำเร็จรูป,159,1
10772,การผลิตซอสและเครื่องปรุงอาหารประจำโต๊ะ,275,1
10773,การผลิตซีอิ๊ว,39,1
10774,การผลิตผงชูรส,19,1
10775,การผลิตเกลือบริโภค,18,1
10779,การผลิตเครื่องปรุงอาหารประจำโต๊ะและเครื่องประกอบอาหาร อื่น ๆ ซึ่งมิได้จัดประเภทไว้ในที่อื่น,100,1
10791,การผลิตขนมขบเคี้ยว/ขนมกรุบกรอบ,224,1
10792,การผลิตขนมไทยและขนมพื้นเมือง (ยกเว้นขนมอบ),66,1
10793,การผลิตซุปน้ำซุปและอาหารพิเศษ,28,1
10794,การผลิตอาหารพร้อมปรุงและอาหารที่เน่าเสียง่าย,261,1
10795,การผลิตน้ำแข็งเพื่อการบริโภค,1299,4
10796,การผลิตผลิตภัณฑ์จากไข่,28,1
10799,การผลิตผลิตภัณฑ์อาหารอื่น ๆ ซึ่งมิได้จัดประเภทไว้ในที่อื่น,2089,6
10801,การผลิตอาหารสำเร็จรูปสำหรับสัตว์เลี้ยง,270,1
10802,การผลิตอาหารสำเร็จรูปสำหรับเลี้ยงปศุสัตว์ในฟาร์ม,359,1
11000,การผลิตเครื่องดื่ม,1,1
11011,การผลิตสุรากลั่น,576,2
11012,การผลิตสุราผสม,15,1
11021,การผลิตไวน์องุ่น,14,1
11022,การผลิตไวน์ผลไม้ (ยกเว้นองุ่น),16,1
11029,การผลิตสุราผลไม้ (ไวน์) ซึ่งมิได้จัดประเภทไว้ที่อื่น,71,1
11030,การผลิตมอลต์และสุราที่ทำจากข้าวมอลต์,33,1
11040,การผลิตเครื่องดื่มที่ไม่มีแอลกอฮอล์การผลิตน้ำแร่และน้ำดื่ม บรรจุขวดประเภทอื่น ๆ,1,1
11041,การผลิตน้ำดื่มบริสุทธิ์และน้ำแร่บรรจุขวด,1548,4
11042,การผลิตน้ำอัดลมและโซดา,26,1
11043,การผลิตเครื่องดื่มกาแฟ ชาและชาชงสมุนไพรพร้อมดื่ม,279,1
11044,การผลิตเครื่องดื่มให้พลังงานรวมถึงเครื่องดื่มเกลือแร่,58,1
11049,การผลิตเครื่องดื่มที่ไม่มีแอลกอฮอล์อื่นๆซึ่งมิได้จัดประเภทไว้ในที่อื่น,372,1
12000,การผลิตผลิตภัณฑ์จากยาสูบ,1,1
12001,การบ่มและการอบใบยาสูบ,21,1
12002,การผลิตบุหรี่และซิการ์,10,1
12009,การผลิตผลิตภัณฑ์จากยาสูบและผลิตภัณฑ์ที่ใช้แทนยาสูบอื่น ๆ ซึ่งมิได้จัดประเภทไว้ในที่อื่น (ยกเว้นบุหรี่และซิการ์),22,1
13000,การผลิตสิ่งทอ,5,1
13111,การเตรียมเส้นใย,27,1
13112,การปั่นด้ายจากเส้นใยธรรมชาติ,82,1
13113,การปั่นด้ายจากเส้นใยสังเคราะห์,111,1
13121,การทอผ้าจากเส้นใยธรรมชาติ,123,1
13122,การทอผ้าจากเส้นใยสังเคราะห์,410,2
13129,การทอผ้าจากเส้นใยอื่น ๆ ซึ่งมิได้จัดประเภทไว้ในที่อื่น,128,1
13131,การขจัดไขมันและสิ่งสกปรกการฟอกขาวและการย้อมสี,102,1
13132,การพิมพ์ผ้า,341,1
13139,การตกแต่งสำเร็จสิ่งทอด้วยวิธีอื่น ๆ ซึ่งมิได้จัดประเภทไว้ในที่อื่น,164,1
13910,การผลิตผ้าถักและผ้าถักโครเชต์,13,1
13921,การผลิตเครื่องนอนผ้าที่ใช้บนโต๊ะอาหารห้องน้ำและห้องครัว,213,1
13922,การผลิตผลิตภัณฑ์จากผ้าใบและผ้าอื่น ๆ ที่คล้ายกัน,172,1
13929,การผลิตวัสดุสิ่งทอสำเร็จรูปอื่น ๆ ยกเว้นเครื่องแต่งกายซึ่งมิได้ จัดประเภทไว้ในที่อื่น,239,1
13930,การผลิตพรมและพรมหนา,59,1
13940,การผลิตเชือกเชือกเส้นใหญ่ตาข่ายแหและอวน,95,1
13990,การผลิตสิ่งทอชนิดอื่นๆซึ่งมิได้จัดประเภทไว้ในที่อื่น,2,1
13991,การผลิตผ้าที่ไม่ได้ทอ,8,1
13992,การผลิตสิ่งทอชนิดใช้ในทางอุตสาหกรรม,34,1
13999,การผลิตสิ่งทออื่น ๆ ซึ่งมิได้จัดประเภทไว้ในที่อื่น,360,1
14000,การผลิตเสื้อผ้าเครื่องแต่งกาย,1,1
14111,การผลิตเสื้อผ้าเครื่องแต่งกายที่ใช้ในงานอุตสาหกรรมวิชาชีพนักเรียนและนักศึกษา,256,1
14112,การผลิตเสื้อผ้าชั้นนอก,2534,7
14113,การผลิตชุดชั้นในและชุดนอน,86,1
14114,การผลิตเสื้อผ้าสำหรับเด็กทารก,51,1
14115,การผลิตชุดกีฬา,114,1
14116,การผลิตเสื้อผ้าเครื่องแต่งกายจากหนัง,10,1
14120,การตัดเย็บเสื้อผ้าตามคำสั่งของลูกค้า,1311,4
14131,การผลิตเครื่องปกคลุมหรือสวมศีรษะ,42,1
14139,การผลิตเครื่องประกอบเครื่องแต่งกายอื่น ๆ ซึ่งมิได้จัดประเภทไว้ในที่อื่น,143,1
14200,การผลิตสิ่งของต่าง ๆ ที่ทำจากขนสัตว์,7,1
14301,การผลิตเสื้อผ้าเครื่องแต่งกายด้วยการถักและถักโครเชต์,39,1
14302,การผลิตถุงเท้าถุงน่องชุดชั้นในด้วยการถักและถักโครเชต์,56,1
15110,การฟอกและการตกแต่งเครื่องหนังการตกแต่งและการย้อมสี หนังขนสัตว์,141,1
15121,การผลิตผลิตภัณฑ์ประเภทกระเป๋า,442,2
15122,การผลิตอานเครื่องลากเทียมสัตว์และของเล่นสัตว์,12,1
15129,การผลิตสิ่งของอื่นๆที่ทำจากหนังฟอกหรือหนังอัดซึ่งมิได้ จัดประเภทไว้ในที่อื่น,238,1
15201,การผลิตรองเท้าหนัง,112,1
15202,การผลิตรองเท้ายาง,75,1
15204,การผลิตรองเท้ากีฬา,19,1
15209,การผลิตรองเท้าอื่น ๆ ซึ่งมิได้จัดประเภทไว้ในที่อื่น,265,1
16000,การผลิตไม้และผลิตภัณฑ์จากไม้ และไม้ก๊อก ยกเว้น เฟอร์นิเจอร์ การผลิตสิ่งของจากฟางและวัสดุถักสานอื่นๆ,1,1
16100,การเลื่อยไม้และการไสไม้,3,1
16101,การเลื่อยไม้,1009,3
16102,การอบและการอัดน้ำยาไม้,40,1
16210,การผลิตแผ่นไม้บางและผลิตภัณฑ์ไม้,188,1
16220,การผลิตโครงสร้างที่ใช้ในการก่อสร้างและเครื่องประกอบอาคาร,346,1
16230,การผลิตภาชนะบรรจุที่ทำจากไม้,383,1
16291,การผลิตเครื่องใช้ในบ้านที่ทำจากไม้และไม้ก๊อก,80,1
16292,การผลิตผลิตภัณฑ์ที่ทำจากฟางและวัสดุถักสาน,24,1
16299,การผลิตผลิตภัณฑ์จากไม้และไม้ก๊อกซึ่งมิได้จัดประเภทไว้ในที่อื่น,297,1
17011,การผลิตเยื่อกระดาษ,32,1
17012,การผลิตกระดาษและกระดาษแข็ง,268,1
17020,การผลิตกระดาษลอนลูกฟูกและกระดาษแข็งลอนลูกฟูกและ การผลิตกล่องจากกระดาษและกระดาษแข็ง,1240,4
17091,การผลิตผลิตภัณฑ์ที่แปรรูปจากกระดาษเพื่อใช้ในครัวเรือนและ สุขอนามัย,111,1
17092,การผลิตอุปกรณ์เครื่องเขียนจากกระดาษ,123,1
17099,การผลิตผลิตภัณฑ์แปรรูปอื่น ๆ ที่ทำจากกระดาษและกระดาษแข็ง ซึ่งมิได้จัดประเภทไว้ในที่อื่น,155,1
18111,การพิมพ์หนังสือพิมพ์และวารสารอื่น ๆ,211,1
18112,การพิมพ์ฉลาก,186,1
18119,การพิมพ์อื่น ๆ ซึ่งมิได้จัดประเภทไว้ในที่อื่น,4246,11
18121,การบริการก่อนการพิมพ์,670,2
18122,การบริการอื่น ๆ ที่เกี่ยวเนื่องกับการพิมพ์,219,1
18200,การผลิตซ้ำสื่อบันทึก,165,1
19100,การผลิตผลิตภัณฑ์ถ่านโค้ก,15,1
19201,การผลิตผลิตภัณฑ์ที่ได้จากโรงกลั่นปิโตรเลียม,149,1
19202,การผลิตเชื้อเพลิงชีวภาพ,77,1
19209,การผลิตผลิตภัณฑ์อื่น ๆ ที่ได้จากการกลั่นปิโตรเลียมซึ่งมิได้ จัดประเภทไว้ในที่อื่น,224,1
20000,การผลิตเคมีภัณฑ์และผลิตภัณฑ์เคมี,2,1
20100,การผลิตเคมีภัณฑ์ขั้นมูลฐานปุ๋ยเคมีและสารประกอบไนโตรเจน พลาสติกและยางสังเคราะห์ขั้นต้น,1,1
20111,การผลิตก๊าซที่ใช้ในงานอุตสาหกรรม,85,1
20112,การผลิตสีย้อมผ้าและสีผง,61,1
20113,การผลิตเคมีภัณฑ์อนินทรีย์ขั้นมูลฐานอื่น ๆ,388,1
20114,การผลิตแอลกอฮอล์และเอสเตอร์,38,1
20115,การผลิตเคมีภัณฑ์อินทรีย์ขั้นมูลฐานอื่น ๆ,348,1
20121,การผลิตปุ๋ยเคมี,1033,3
20122,การผลิตสารประกอบไนโตรเจน,16,1
20131,การผลิตเม็ดพลาสติกและพลาสติกขั้นต้น,666,2
20132,การผลิตยางสังเคราะห์ขั้นต้น,46,1
20210,การผลิตยาปราบศัตรูพืชและเคมีภัณฑ์อื่นๆเพื่อการเกษตร,241,1
20221,การผลิตสีน้ำมันชักเงาและสารเคลือบประเภทเดียวกันและ น้ำมันทาไม้,377,1
20222,การผลิตหมึกพิมพ์และผงหมึก,81,1
20231,การผลิตสบู่และสารซักฟอกผลิตภัณฑ์ที่ใช้ในการทำความสะอาด และขัดเงา,673,2
20232,การผลิตเครื่องหอม เครื่องสำอาง และผลิตภัณฑ์ในห้องน้ำ,3852,10
20291,การผลิตผลิตภัณฑ์ที่เกี่ยวกับระเบิด,18,1
20292,การผลิตกาวและเจลาติน,121,1
20293,การผลิตน้ำมันหอมระเหย,45,1
20294,การผลิตเคมีภัณฑ์ที่ใช้ในการถ่ายรูป,4,1
20299,การผลิตผลิตภัณฑ์เคมีอื่น ๆ ซึ่งมิได้จัดประเภทไว้ในที่อื่น,537,2
20300,การผลิตเส้นใยประดิษฐ์,85,1
21001,การผลิตเภสัชภัณฑ์และเคมีภัณฑ์ที่ใช้รักษาโรค,869,3
21002,การผลิตผลิตภัณฑ์จากพืชและสัตว์ที่ใช้รักษาโรค,1124,3
22111,การผลิตยางล้อและยางใน,113,1
22112,การหล่อดอกยางและการซ่อมสร้างยางล้อ,47,1
22190,การผลิตผลิตภัณฑ์ยางชนิดอื่นๆ,1,1
22191,การผลิตยางแผ่นและยางแท่ง,191,1
22192,การผลิตน้ำยางข้น,82,1
22193,การผลิตสิ่งของเครื่องใช้ด้านสุขอนามัยหรือเภสัชกรรมที่ทำ จากยาง,213,1
22199,การผลิตผลิตภัณฑ์ยางอื่น ๆ ซึ่งมิได้จัดประเภทไว้ในที่อื่น,706,2
22200,การผลิตผลิตภัณฑ์พลาสติก,2,1
22210,การผลิตผลิตภัณฑ์ที่ใช้ในการก่อสร้าง/ประกอบอาคารที่ทำจากพลาสติก,159,1
22220,การผลิตบรรจุภัณฑ์พลาสติก,1667,5
22230,การผลิตผลิตภัณฑ์พลาสติกสำเร็จรูป,482,2
22291,การผลิตเครื่องใช้บนโต๊ะอาหารในครัวและในห้องน้ำที่ทำจากพลาสติก,59,1
22292,การผลิตผลิตภัณฑ์ไฟเบอร์กลาส,206,1
22299,การผลิตผลิตภัณฑ์พลาสติกอื่น ๆ ซึ่งมิได้จัดประเภทไว้ในที่อื่น,2563,7
23000,การผลิตผลิตภัณฑ์อื่นๆที่ทำจากแร่อโลหะ,2,1
23101,การผลิตแก้ว/กระจกแผ่น,153,1
23102,การผลิตภาชนะบรรจุภัณฑ์และเครื่องใช้บนโต๊ะอาหารที่ทำจากแก้ว,30,1
23103,การผลิตไฟเบอร์กลาส,18,1
23109,การผลิตผลิตภัณฑ์แก้วอื่น ๆ ซึ่งมิได้จัดประเภทไว้ในที่อื่น,53,1
23910,การผลิตผลิตภัณฑ์วัสดุทนไฟ,21,1
23921,การผลิตอิฐ,161,1
23922,การผลิตกระเบื้องปูพื้นและแผ่นเซรามิก,59,1
23923,การผลิตเครื่องสุขภัณฑ์เซรามิก,55,1
23929,การผลิตวัสดุที่ใช้ในการก่อสร้างอื่น ๆ ที่ทำจากดินเหนียวซึ่งมิได้ จัดประเภทไว้ในที่อื่น,50,1
23931,การผลิตผลิตภัณฑ์เซรามิกที่เป็นเครื่องใช้บนโต๊ะอาหาร,37,1
23932,การผลิตผลิตภัณฑ์ประติมากรรมและของตกแต่งที่ทำจากเซรามิก,189,1
23933,การผลิตลูกถ้วยฉนวนไฟฟ้าและอุปกรณ์ประกอบลูกถ้วยฉนวนไฟฟ้าที่ทำจากเซรามิก,24,1
23939,การผลิตผลิตภัณฑ์เครื่องเคลือบปอร์ซเลนและเซรามิกชนิดอื่น ๆ ซึ่งมิได้จัดประเภทไว้ในที่อื่น,127,1
23941,การผลิตปูนซีเมนต์,78,1
23942,การผลิตปูนไลม์ (ปูนขาว) และปูนปลาสเตอร์,63,1
23951,การผลิตผลิตภัณฑ์คอนกรีตเพื่อใช้ในงานก่อสร้าง,1295,4
23952,การผลิตผลิตภัณฑ์ปูนปลาสเตอร์ที่ใช้ในงานก่อสร้าง,36,1
23953,การผลิตคอนกรีตผสมเสร็จ,816,3
23954,การผลิตผลิตภัณฑ์ไฟเบอร์ซีเมนต์,114,1
23959,การผลิตผลิตภัณฑ์อื่น ๆ ที่ทำจากคอนกรีตซีเมนต์และ ปูนปลาสเตอร์ซึ่งมิได้จัดประเภทไว้ในที่อื่น,128,1
23961,การผลิตผลิตภัณฑ์หินที่ใช้ในการก่อสร้าง,139,1
23969,การผลิตผลิตภัณฑ์อื่น ๆ ที่ทำจากหินซึ่งมิได้จัดประเภทไว้ในที่อื่น,51,1
23991,การผลิตผลิตภัณฑ์ขัดถู,46,1
23992,การผลิตวัสดุที่เป็นฉนวนจากแร่,49,1
23999,การผลิตผลิตภัณฑ์อื่นๆที่ทำจากแร่อโลหะซึ่งมิได้จัดประเภทไว้ในที่อื่น,42,1
24101,การผลิตเหล็กและเหล็กกล้าขั้นมูลฐานขั้นต้นและขั้นกลาง,225,1
24102,การผลิตเหล็กและเหล็กกล้าแผ่น,128,1
24103,การผลิตหลอดท่อฮอลโลว์โฟรไฟล์และอุปกรณ์ติดตั้งที่เกี่ยวข้องที่ทำจากเหล็กกล้า,62,1
24109,การผลิตเหล็กและเหล็กกล้าขั้นมูลฐานอื่น ๆ ซึ่งมิได้จัดประเภทไว้ในที่อื่น,1128,3
24201,การผลิตโลหะมีค่า,53,1
24202,การผลิตอะลูมิเนียมและผลิตภัณฑ์อะลูมิเนียม,289,1
24203,การผลิตสังกะสีตะกั่วดีบุกและผลิตภัณฑ์ของของดังกล่าว,35,1
24204,การผลิตทองแดงและผลิตภัณฑ์ทองแดง,68,1
24209,การผลิตโลหะสามัญและผลิตภัณฑ์โลหะสามัญอื่น ๆ ที่มิใช่เหล็ก,132,1
24310,การหล่อเหล็กและเหล็กกล้า,1,1
24311,การหล่อเหล็ก,184,1
24312,การหล่อเหล็กกล้า,25,1
24320,การหล่อโลหะที่ไม่ใช่เหล็กและเหล็กกล้า,220,1
25111,การผลิตผลิตภัณฑ์ที่มีโครงสร้างเป็นโลหะสำหรับใช้ในงานก่อสร้าง,414,2
25112,การผลิตโลหะที่เป็นโครงสร้างของการก่อสร้างอาคาร,191,1
25113,การผลิตประตู หน้าต่าง กรอบประตู หน้าต่าง ประตูใหญ่ และ ผลิตภัณฑ์ที่คล้ายกันที่ทำจากโลหะ,425,2
25119,การผลิตผลิตภัณฑ์อื่นๆ ที่มีโครงสร้างเป็นโลหะ ซึ่งมิได้จัดประเภทไว้ในที่อื่น,433,2
25121,การผลิตหม้อน้ำสำหรับการทำความร้อนจากส่วนกลางและเครื่องระบายความร้อน,16,1
25122,การผลิตภาชนะบรรจุสิ่งของที่ทำจากโลหะ เพื่อเก็บก๊าซอัดหรือ ก๊าซเหลว,46,1
25129,การผลิตถังน้ำขนาดใหญ่ (ที่มีความจุเกิน 300 ลิตร) ที่เก็บกักน้ำและภาชนะบรรจุที่ทำ จากโลหะ ซึ่งมิได้จัดประเภทไว้ในที่อื่น,130,1
25130,การผลิตเครื่องกำเนิดไอน้ำยกเว้นหม้อต้มน้ำร้อนสำหรับ ทำความร้อนจากส่วนกลาง,27,1
25201,การผลิตกระสุนและวัตถุระเบิด,6,1
25209,การผลิตอาวุธหนัก อาวุธปืน รวมถึงอาวุธอื่นๆ ซึ่งมิได้จัดประเภทไว้ในที่อื่น,49,1
25910,การผลิตผลิตภัณฑ์โลหะโดยวิธีการตี การอัด การตอกพิมพ์และ การรีด การผสมโลหะผง,364,1
25921,การตกแต่งและการเคลือบโลหะ,1061,3
25922,การกลึงกัดไสโลหะ,4425,12
25931,การผลิตเครื่องตัด,24,1
25932,การผลิตกุญแจและบานพับ,48,1
25939,การผลิตเครื่องมือที่ใช้งานด้วยมือและเครื่องโลหะทั่วไปซึ่งมิได้จัดประเภทไว้ในที่อื่น,249,1
25941,การผลิตถังถังกลมขนาดใหญ่ (ที่มีความจุไม่เกิน 300 ลิตร) และภาชนะบรรจุที่คล้ายกันที่ทำจากโลหะ,46,1
25949,การผลิตกระป๋องโลหะและบรรจุภัณฑ์อื่นๆที่ทำจากโลหะซึ่งมิได้จัดประเภทไว้ในที่อื่น,86,1
25951,การผลิตลวด เคเบิลและของที่ทำจากลวด,140,1
25952,การผลิตโซ่ ลวดสปริง สลักเกลียว และตะปูควง,311,1
25991,การผลิตเครื่องสุขภัณฑ์ที่ทำจากโลหะ,21,1
25992,การผลิตเครื่องใช้ในครัวเรือนที่ทำจากโลหะ,196,1
25993,การผลิตตู้นิรภัยและเครื่องใช้สำนักงานที่ทำจากโลหะ (ยกเว้น เฟอร์นิเจอร์),41,1
25999,การผลิตผลิตภัณฑ์โลหะประดิษฐ์อื่นๆซึ่งมิได้จัดประเภทไว้ในที่อื่น,996,3
26101,การผลิตชิ้นส่วนอุปกรณ์แสดงภาพ,20,1
26102,การผลิตตัวเก็บประจุและตัวต้านทานสำหรับวงจรอิเล็กทรอนิกส์,13,1
26103,การผลิตแผ่นวงจรอิเล็กทรอนิกส์,120,1
26104,การผลิตอุปกรณ์กึ่งตัวนำและวงจรรวม,101,1
26109,การผลิตส่วนประกอบอิเล็กทรอนิกส์อื่นๆซึ่งมิได้จัดประเภทไว้ในที่อื่น,772,2
26201,การผลิตคอมพิวเตอร์และ/หรือการประกอบคอมพิวเตอร์,272,1
26202,การผลิตอุปกรณ์จัดเก็บข้อมูล,30,1
26203,การผลิตจอคอมพิวเตอร์,3,1
26209,การผลิตอุปกรณ์ต่อพ่วงอื่นๆซึ่งมิได้จัดประเภทไว้ในที่อื่น,78,1
26301,การผลิตโทรศัพท์และโทรสารแบบใช้สาย,22,1
26302,การผลิตอุปกรณ์สื่อสารแบบไร้สาย,48,1
26303,การผลิตอุปกรณ์สื่อสารข้อมูลที่ใช้ในการส่งสัญญาณอิเล็กทรอนิกส์ไปตามสายหรือออกอากาศ,132,1
26309,การผลิตอุปกรณ์สื่อสารอื่นๆซึ่งมิได้จัดประเภทไว้ในที่อื่น,99,1
26401,การผลิตเครื่องรับโทรทัศน์,31,1
26402,การผลิตเครื่องรับวิทยุเครื่องบันทึกและทำสำเนาเสียงและภาพ,28,1
26403,การผลิตไมโครโฟนลำโพงและเครื่องขยายเสียง,78,1
26409,การผลิตเครื่องใช้อิเล็กทรอนิกส์อื่นๆชนิดใช้ในครัวเรือน ซึ่งมิได้จัดประเภทไว้ในที่อื่น,28,1
26511,การผลิตเครื่องมือที่ใช้ในการวัดการทดสอบการนำร่องและอุปกรณ์การควบคุม (ยกเว้น ในทางอุตสาหกรรม),129,1
26512,การผลิตเครื่องมือใช้ในการวัด การทดสอบ และการควบคุมกระบวนการผลิตในทางอุตสาหกรรม,80,1
26521,การผลิตนาฬิกา,40,1
26529,การผลิตผลิตภัณฑ์อื่นๆที่มีเครื่องนาฬิกาประกอบอยู่,2,1
26600,การผลิตเครื่องฉายรังสี และเครื่องมืออิเล็กทรอนิกส์ทางการแพทย์และทางการบำบัดรักษา,34,1
26701,การผลิตเลนส์,21,1
26702,การผลิตเครื่องมือทางทัศนศาสตร์ (ยกเว้น เลนส์),7,1
26703,การผลิตอุปกรณ์เกี่ยวกับการถ่ายภาพและถ่ายภาพยนตร์,35,1
26800,การผลิตสื่อแม่เหล็ก และสื่อเชิงแสง,11,1
27101,การผลิตมอเตอร์ไฟฟ้าและเครื่องกำเนิดไฟฟ้า,179,1
27102,การผลิตหม้อแปลงไฟฟ้า,98,1
27103,การผลิตอุปกรณ์ควบคุมและจ่ายไฟฟ้า,205,1
27200,การผลิตแบตเตอรี่และหม้อสะสมไฟฟ้า,91,1
27310,การผลิตเคเบิลเส้นใยนำแสง,18,1
27320,การผลิตสายไฟฟ้าและเคเบิลสำหรับงานไฟฟ้าและอิเล็กทรอนิกส์ อื่นๆ,148,1
27330,การผลิตอุปกรณ์การเดินสายไฟฟ้า,96,1
27401,การผลิตหลอดไฟฟ้า,118,1
27409,การผลิตอุปกรณ์ไฟฟ้าอื่นๆสำหรับให้แสงสว่าง,146,1
27501,การผลิตเครื่องใช้ไฟฟ้าชนิดใช้ในครัวเรือน (ยกเว้นประเภทผลิต ความร้อนด้วยไฟฟ้า),432,2
27502,การผลิตเครื่องใช้ในครัวเรือนประเภทผลิตความร้อนด้วยไฟฟ้า,133,1
27503,การผลิตเครื่องใช้ในครัวเรือนประเภทผลิตความร้อนที่ไม่ต้องใช้ไฟฟ้า,29,1
27900,การผลิตเครื่องใช้ไฟฟ้าชนิดอื่นๆ,1,1
27901,การผลิตเครื่องจ่ายไฟฟ้าต่อเนื่อง,8,1
27902,การผลิตอุปกรณ์ให้สัญญาณแบบไฟฟ้า,69,1
27909,การผลิตอุปกรณ์ไฟฟ้าอื่นๆซึ่งมิได้จัดประเภทไว้ในที่อื่น การผลิตเครื่องจักรและเครื่องมือซึ่งมิได้จัดประเภทไว้ในที่อื่น,750,2
28000,การผลิตเครื่องจักรและเครื่องมือ ซึ่งมิได้จัดประเภทไว้ในที่อื่น,2,1
28100,การผลิตเครื่องจักรที่ใช้งานทั่วไป,2,1
28110,การผลิตเครื่องยนต์และเครื่องกังหันยกเว้นเครื่องยนต์ที่ใช้กับอากาศยานยานยนต์และจักรยานยนต์,46,1
28120,การผลิตเครื่องสูบของไหล,52,1
28130,การผลิตเครื่องสูบ คอมเพรสเซอร์ ก๊อกน้ำและวาล์วอื่นๆ,1,1
28131,การผลิตเครื่องสูบอื่นๆและคอมเพรสเซอร์,52,1
28132,การผลิตก๊อกและวาล์วอื่นๆ,61,1
28140,การผลิตตลับลูกปืนเกียร์และอุปกรณ์ที่ใช้ขับเคลื่อน,46,1
28150,การผลิตเตาอบเตาหลอมและเตาเผา,126,1
28160,การผลิตอุปกรณ์ที่ใช้สำหรับยกและขนย้าย,267,1
28170,การผลิตเครื่องจักรและเครื่องใช้สำนักงาน (ยกเว้นคอมพิวเตอร์ และอุปกรณ์ต่อพ่วง),133,1
28180,การผลิตเครื่องมือที่ใช้พลังงานขับเคลื่อน,27,1
28191,การผลิตเครื่องทำความเย็น,414,2
28199,การผลิตเครื่องจักรอื่นๆที่ใช้งานทั่วไปซึ่งมิได้จัดประเภทไว้ในที่อื่น,3318,9
28211,การผลิตรถแทรกเตอร์ที่ใช้ในงานเกษตรและงานป่าไม้,43,1
28219,การผลิตเครื่องจักรอื่นๆที่ใช้ในทางการเกษตรและการป่าไม้ (ยกเว้นแทรกเตอร์ที่ใช้ในทางการเกษตรและงานป่าไม้),320,1
28220,การผลิตเครื่องจักรที่ใช้ในการขึ้นรูปโลหะและเครื่องมือกล,3,1
28221,การผลิตเครื่องจักรที่ใช้ในการขึ้นรูปโลหะ,512,2
28229,การผลิตเครื่องมือกลอื่นๆซึ่งมิได้จัดประเภทไว้ในที่อื่น,278,1
28230,การผลิตเครื่องจักรสำหรับงานโลหะกรรม,986,3
28240,การผลิตเครื่องจักรสำหรับการทำเหมืองแร่เหมืองหินและ การก่อสร้าง,120,1
28250,การผลิตเครื่องจักรที่ใช้ในกระบวนการผลิตอาหารเครื่องดื่มและ ยาสูบ,128,1
28261,การผลิตเครื่องจักรที่ใช้ในการเตรียมปั่นทอและถักนิตสิ่งทอ,15,1
28269,การผลิตเครื่องจักรอื่นๆที่ใช้ในการผลิตสิ่งทอเครื่องแต่งกาย และเครื่องหนัง,27,1
28290,การผลิตเครื่องจักรเพื่อใช้ในงานเฉพาะอย่างอื่นๆ,1,1
28291,การผลิตเครื่องจักรเพื่อใช้ในการผลิตกระดาษและกระดาษแข็ง,12,1
28292,การผลิตเครื่องจักรเพื่อใช้งานกับยางหรือพลาสติก,99,1
28299,การผลิตเครื่องจักรเพื่อใช้งานเฉพาะอย่างอื่นๆซึ่งมิได้จัดประเภทไว้ในที่อื่น,1348,4
29100,การผลิตยานยนต์,1,1
29101,การผลิตเครื่องยนต์สำหรับยานยนต์,35,1
29102,การผลิตรถยนต์ส่วนบุคคล,120,1
29103,การผลิตรถกระบะ1ตัน,12,1
29104,การผลิตยานยนต์อื่นๆที่ใช้เพื่อการโดยสาร,35,1
29109,การผลิตยานยนต์อื่นๆซึ่งมิได้จัดประเภทไว้ในที่อื่น,201,1
29201,การผลิตตัวถังยานยนต์,138,1
29202,การผลิตรถพ่วงและรถกึ่งรถพ่วง,95,1
29203,การผลิตตู้บรรทุกสินค้า,80,1
29301,การผลิตที่นั่งภายในยานยนต์,82,1
29302,การผลิตอุปกรณ์ไฟฟ้าสำหรับยานยนต์,49,1
29309,การผลิตชิ้นส่วนและอุปกรณ์เสริมอื่นๆสำหรับยานยนต์ซึ่งมิได้จัดประเภทไว้ในที่อื่น,1844,5
30000,การผลิตอุปกรณ์ขนส่งอื่นๆ,1,1
30100,การต่อเรือใหญ่ และเรือเล็ก,1,1
30110,การต่อเรือใหญ่ และสิ่งก่อสร้างลอยน้ำ,212,1
30120,การต่อเรือที่ใช้เพื่อความสำราญและการกีฬา,25,1
30200,การผลิตหัวรถจักรและตู้สำหรับขนส่งทางรถไฟหรือรถราง,14,1
30300,การผลิตอากาศยานยานอวกาศและเครื่องจักรที่เกี่ยวข้อง,47,1
30400,การผลิตยานยนต์ทางการทหารเพื่อใช้ในการสู้รบ,2,1
30911,การผลิตจักรยานยนต์,80,1
30912,การผลิตเครื่องยนต์ ชิ้นส่วนและอุปกรณ์เสริมสำหรับจักรยานยนต์,207,1
30921,การผลิตจักรยาน,69,1
30922,การผลิตรถสำหรับคนพิการ,1,1
30990,การผลิตอุปกรณ์การขนส่งอื่นๆซึ่งมิได้จัดประเภทไว้ในที่อื่น,76,1
31000,การผลิตเฟอร์นิเจอร์,3,1
31001,การผลิตเฟอร์นิเจอร์ไม้,780,2
31002,การผลิตเฟอร์นิเจอร์โลหะ,182,1
31003,การผลิตฐานรองที่นอนและที่นอน,199,1
31009,การผลิตเฟอร์นิเจอร์ที่ทำจากวัสดุอื่นๆ (ยกเว้น หิน คอนกรีต หรือเซรามิก),1876,5
32000,การผลิตผลิตภัณฑ์ประเภทอื่นๆ,2,1
32100,การผลิตเครื่องประดับอัญมณีเครื่องประดับเพชรพลอยและ สิ่งของอื่นๆที่เกี่ยวข้อง,4,1
32111,การผลิตเครื่องประดับจากอัญมณีและโลหะมีค่า,1410,4
32112,การผลิตสิ่งของเครื่องใช้จากเพชรพลอยและโลหะมีค่า,37,1
32113,การเจียระไนและการขัดเพชรพลอย,71,1
32120,การผลิตเครื่องประดับ ที่ทำจากอัญมณีเทียมและสิ่งของที่เกี่ยวข้อง,96,1
32201,การผลิตเครื่องดนตรีไทย,6,1
32209,การผลิตเครื่องดนตรี ซึ่งมิได้จัดประเภทไว้ในที่อื่น,39,1
32301,การผลิตลูกบอลที่ใช้ในการกีฬา,6,1
32302,การผลิตกระดานแล่นใบและกระดานโต้คลื่นและอุปกรณ์สำหรับเล่นกีฬาทางน้ำ,15,1
32303,การผลิตอุปกรณ์สำหรับกีฬาตกปลา,29,1
32309,การผลิตอุปกรณ์กีฬาอื่นๆซึ่งมิได้จัดประเภทไว้ในที่อื่น,238,1
32401,การผลิตของเล่นที่มีล้อ,13,1
32402,การผลิตตุ๊กตา,64,1
32409,การผลิตเกมและของเล่นอื่นๆซึ่งมิได้จัดประเภทไว้ในที่อื่น,161,1
32501,การผลิตเครื่องมือและอุปกรณ์ในทางการแพทย์ (ยกเว้นทางทันตกรรม),852,3
32502,การผลิตเครื่องมือและอุปกรณ์ในทางทันตกรรม,146,1
32901,การผลิตไม้กวาดและแปรง,45,1
32902,การผลิตอุปกรณ์เครื่องเขียน,137,1
32903,การผลิตเครื่องอุปกรณ์ด้านความปลอดภัย,98,1
32904,การผลิตดอกไม้และต้นไม้ประดิษฐ์,139,1
32909,การผลิตผลิตภัณฑ์อื่นๆซึ่งมิได้จัดประเภทไว้ในที่อื่น,1686,5
33000,การซ่อมและการติดตั้งเครื่องจักรและอุปกรณ์,5,1
33110,การซ่อมผลิตภัณฑ์โลหะประดิษฐ์,103,1
33121,การซ่อมเครื่องจักรที่ใช้งานทั่วไป,2091,6
33122,การซ่อมเครื่องจักรที่ใช้งานเฉพาะอย่าง,812,3
33131,การซ่อมและบำรุงรักษาเครื่องมือที่ใช้ในการวัดการทดสอบการนำร่องและอุปกรณ์การควบคุม,65,1
33132,การซ่อมและบำรุงรักษาเครื่องฉายรังสีและเครื่องมืออิเล็กทรอนิกส์ทางการแพทย์และทางการบำบัดรักษา,146,1
33133,การซ่อมและบำรุงรักษาเครื่องมือทางทัศนศาสตร์และอุปกรณ์ทางถ่ายภาพ,11,1
33141,การซ่อมมอเตอร์ไฟฟ้าเครื่องกำเนิดไฟฟ้าหม้อแปลงไฟฟ้าและอุปกรณ์ควบคุมและจ่ายไฟฟ้า,375,1
33142,การซ่อมแบตเตอรี่และหม้อสะสมไฟฟ้า,13,1
33149,การซ่อมอุปกรณ์ไฟฟ้าอื่นๆซึ่งมิได้จัดประเภทไว้ในที่อื่น,315,1
33151,การซ่อมเรือ,265,1
33152,การซ่อมอากาศยาน,75,1
33159,การซ่อมอุปกรณ์ขนส่งอื่นๆซึ่งมิได้จัดประเภทไว้ในที่อื่น (ยกเว้น ยานยนต์),109,1
33190,การซ่อมอุปกรณ์อื่นๆ,202,1
33200,การติดตั้งเครื่องจักรอุตสาหกรรมและอุปกรณ์,2976,8
35100,การผลิต การส่งและการจ่ายกระแสไฟฟ้า,4,1
35101,การผลิตและการส่งไฟฟ้า,3621,10
35102,การจ่ายไฟฟ้า,162,1
35200,การผลิตก๊าซการจ่ายเชื้อเพลิงก๊าซผ่านท่อหลัก,1,1
35201,การผลิตก๊าซ,126,1
35202,การจ่ายเชื้อเพลิงก๊าซผ่านท่อหลัก,41,1
35301,การผลิตน้ำแข็งชนิดไม่ใช้เพื่อการบริโภค,51,1
35302,การจัดหาไอน้ำและระบบการปรับอากาศ (ยกเว้นการผลิตน้ำแข็ง ชนิดไม่ใช้เพื่อการบริโภค),58,1
36001,การเก็บกักน้ำ,7,1
36002,การจัดหาน้ำและการจ่ายน้ำสำหรับใช้ในครัวเรือนและอุตสาหกรรม ผ่านระบบประปา,183,1
36003,การจัดหาน้ำและการจ่ายน้ำสำหรับใช้ในการเกษตร,13,1
36009,การจัดหาและการจ่ายน้ำอื่นๆซื่งมิได้จัดประเภทไว้ในที่อื่น,30,1
37000,การจัดการน้ำเสีย,325,1
38110,การเก็บรวบรวมของเสียที่ไม่เป็นอันตราย,367,1
38120,การเก็บรวบรวมของเสียที่เป็นอันตราย,41,1
38211,การบำบัดและการกำจัดของเสียที่ไม่เป็นอันตรายโดยการฝังกลบ อย่างถูกสุขอนามัย,78,1
38212,การบำบัดและการกำจัดของเสียที่ไม่เป็นอันตรายโดยการเผาด้วยเตาเผาขยะ,56,1
38213,การบำบัดและการกำจัดของเสียที่ไม่เป็นอันตรายโดยวิธีชีวภาพ,72,1
38219,การบำบัดและการกำจัดของเสียที่ไม่เป็นอันตรายโดยวิธีอื่นๆซึ่งมิได้จัดประเภทไว้ในที่อื่น,178,1
38220,การบำบัดและการกำจัดของเสียที่เป็นอันตราย,1,1
38221,การบำบัดและการกำจัดกากสารกัมมันตรังสี,4,1
38222,การบำบัดและการกำจัดของเสียที่เป็นอันตรายยกเว้นกากสารกัมมันตรังสี,48,1
38300,การนำวัสดุที่ใช้แล้วกลับมาใช้ใหม่,834,3
39000,กิจกรรมการบำบัดและการจัดบริการเก็บของเสียอื่นๆ,90,1
41000,การก่อสร้างอาคาร,161,1
41001,การก่อสร้างอาคารที่พักอาศัย,14357,36
41002,การก่อสร้างอาคารที่ไม่ใช่ที่พักอาศัย,58733,147
42000,งานวิศวกรรมโยธา,3,1
42100,การก่อสร้างถนนและทางรถไฟ,2,1
42101,การก่อสร้างถนนสะพานและอุโมงค์,2889,8
42102,การก่อสร้างทางรถไฟและรถใต้ดิน,83,1
42200,การก่อสร้างโครงการสาธารณูปโภค,13,1
42201,การก่อสร้างโครงการสาธารณูปโภคเกี่ยวกับน้ำน้ำมันและก๊าซ,724,2
42202,การก่อสร้างโครงการสาธารณูปโภคเกี่ยวกับสายส่งไฟฟ้ากำลังและสายสัญญาณสื่อสาร,1092,3
42900,การก่อสร้างโครงการวิศวกรรรมโยธาอื่นๆ,26,1
42901,การก่อสร้างระบบสาธารณูปโภคสิ่งอำนวยความสะดวก (ยกเว้นตัวอาคารของโรงงานอุตสาหกรรม) และโครงการวิศวกรรมโยธาอื่นๆที่เกี่ยวข้องในน้ำ,556,2
42909,การก่อสร้างโครงการวิศวกรรมโยธาอื่นๆซึ่งมิได้จัดประเภทไว้ในที่อื่น,1108,3
43000,งานก่อสร้างเฉพาะทาง,2,1
43110,การรื้อถอน,262,1
43120,การเตรียมสถานที่ก่อสร้าง,2012,6
43200,กิจกรรมการติดตั้งไฟฟ้าระบบท่อและสิ่งก่อสร้างอื่นๆ,4,1
43210,การติดตั้งไฟฟ้า,12210,31
43220,การติดตั้งระบบท่อระบบทำความร้อนและระบบปรับอากาศ,5,1
43221,การติดตั้งระบบประปาและระบายน้ำ,1258,4
43222,การติดตั้งระบบทำความร้อน,149,1
43223,การติดตั้งระบบระบายอากาศ,2164,6
43290,การติดตั้งสิ่งก่อสร้างอื่นๆ,2,1
43291,การติดตั้งฉนวน,164,1
43299,การติดตั้งสิ่งก่อสร้างอื่นๆซึ่งมิได้จัดประเภทไว้ในที่อื่น,1554,4
43301,การติดตั้งส่วนประกอบอาคารและการตกแต่งภายใน,2198,6
43302,การปูพื้นและผนัง,425,2
43303,การทาสี,315,1
43309,การตกแต่งอาคารให้เสร็จสมบูรณ์อื่นๆซึ่งมิได้จัดประเภทไว้ในที่อื่น,1030,3
43900,กิจกรรมการก่อสร้างเฉพาะด้านอื่นๆ,2,1
43901,การก่อสร้างฐานรากรวมถึงการตอกเสาเข็ม,476,2
43909,กิจกรรมการก่อสร้างเฉพาะด้านอื่นๆซึ่งมิได้จัดประเภทไว้ในที่อื่น,4171,11
45000,การขายส่งการขายปลีกการซ่อมยานยนต์และจักรยานยนต์,4,1
45100,การขายยานยนต์,3,1
45101,การขายยานยนต์ใหม่ชนิดรถยนต์นั่งส่วนบุคคลรถกระบะรถตู้ และรถขนาดเล็กที่คล้ายกัน,4292,11
45102,การขายยานยนต์ใหม่ชนิดรถบรรทุกและยานยนต์หนักอื่นๆ,412,2
45103,การขายยานยนต์เก่าชนิดรถยนต์นั่งส่วนบุคคลรถกระบะรถตู้และรถขนาดเล็กที่คล้ายกัน,1441,4
45104,การขายยานยนต์เก่าชนิดรถบรรทุกและยานยนต์หนักอื่นๆ,74,1
45200,การบำรุงรักษาและการซ่อมยานยนต์,2,1
45201,การบำรุงรักษาและการซ่อมระบบเครื่องยนต์และชิ้นส่วนยานยนต์,4391,11
45202,การบำรุงรักษาและการซ่อมตัวถังประตูหน้าต่างและอื่นๆที่คล้ายกัน,1305,4
45203,การบำรุงรักษายานยนต์ทั่วไป,1220,4
45300,การขายชิ้นส่วนและอุปกรณ์เสริมของยานยนต์,2,1
45301,การขายส่งชิ้นส่วนและอุปกรณ์เสริมใหม่ของยานยนต์,3156,8
45302,การขายปลีกชิ้นส่วนและอุปกรณ์เสริมใหม่ของยานยนต์,5753,15
45303,การขายส่งและขายปลีกชิ้นส่วนและอุปกรณ์เสริมเก่าของยานยนต์,550,2
45400,การขายการบำรุงรักษาและการซ่อมจักรยานยนต์ชิ้นส่วนและอุปกรณ์เสริมที่เกี่ยวเนื่อง,1,1
45401,การขายจักรยานยนต์,2691,7
45402,การขายส่งชิ้นส่วนและอุปกรณ์เสริมใหม่ของจักรยานยนต์,280,1
45403,การขายปลีกชิ้นส่วนและอุปกรณ์เสริมใหม่ของจักรยานยนต์,431,2
45404,การขายส่งและปลีกชิ้นส่วนและอุปกรณ์เสริมเก่าของจักรยานยนต์,38,1
45405,การบำรุงรักษาและการซ่อมจักรยานยนต์,155,1
46100,การขายส่งโดยได้รับค่าตอบแทนหรือตามสัญญาจ้าง,2,1
46101,การขายส่งวัตถุดิบทางการเกษตรและสัตว์มีชีวิตโดยได้รับค่าตอบแทนหรือตามสัญญาจ้าง,1177,3
46102,การขายส่งอาหารเครื่องดื่มและยาสูบโดยได้รับค่าตอบแทนหรือตามสัญญาจ้าง,1933,5
46103,การขายส่งสิ่งทอเสื้อผ้ารองเท้าเครื่องหนังและของใช้ในครัวเรือนโดยได้รับค่าตอบแทนหรือตามสัญญาจ้าง,2544,7
46104,การขายส่งคอมพิวเตอร์และซอฟต์แวร์อุปกรณ์อิเล็กทรอนิกส์และเครื่องมือสื่อสารโดยได้รับค่าตอบแทนหรือตามสัญญาจ้าง,1004,3
46105,การขายส่งเครื่องจักรอุตสาหกรรมโดยได้รับค่าตอบแทนหรือตามสัญญาจ้าง,984,3
46106,การขายส่งเชื้อเพลิงสินแร่โลหะโดยได้รับค่าตอบแทนหรือตามสัญญาจ้าง,292,1
46107,การขายส่งวัสดุที่ใช้ในการก่อสร้างผลิตภัณฑ์โลหะอุปกรณ์ระบบท่อโดยได้รับค่าตอบแทนหรือตามสัญญาจ้าง,952,3
46108,การขายส่งสินค้าเฉพาะอย่างอื่นๆซึ่งมิได้จัดประเภทไว้ในที่อื่นโดยได้รับค่าตอบแทนหรือตามสัญญาจ้าง,734,2
46109,การขายส่งสินค้าทั่วไปโดยได้รับค่าตอบแทนหรือตามสัญญาจ้าง,7485,19
46200,การขายส่งวัตถุดิบทางการเกษตรและสัตว์มีชีวิต,1,1
46201,การขายส่งข้าวเปลือกและธัญพืชอื่นๆ,1589,4
46202,การขายส่งพืชน้ำมันที่ใช้ในการผลิตน้ำมันพืช,219,1
46203,การขายส่งยาสูบที่ยังไม่เป็นผลิตภัณฑ์สำเร็จรูป,14,1
46204,การขายส่งสัตว์มีชีวิต,658,2
46205,การขายส่งดอกไม้ต้นไม้และเมล็ดพันธุ์พืช,777,2
46206,การขายส่งอาหารสัตว์,1507,4
46209,การขายส่งวัตถุดิบอื่นๆทางการเกษตรซึ่งมิได้จัดประเภทไว้ในที่อื่น,3925,10
46300,การขายส่งอาหารเครื่องดื่มและยาสูบ,1,1
46310,การขายส่งอาหาร,2,1
46311,การขายส่งเนื้อสัตว์และผลิตภัณฑ์เนื้อสัตว์,922,3
46312,การขายส่งปลาและผลิตภัณฑ์สัตว์น้ำ,1187,3
46313,การขายส่งผักและผลไม้,2643,7
46314,การขายส่งผลิตภัณฑ์นม,711,2
46315,การขายส่งข้าวและผลิตภัณฑ์ที่ได้จากการโรงสีข้าว,1088,3
46316,การขายส่งผลิตภัณฑ์ขนมอบไข่น้ำมันและไขมันที่ใช้ในการบริโภค,294,1
46317,การขายส่งน้ำตาลช็อกโกแลตและลูกกวาด,167,1
46318,การขายส่งกาแฟชาโกโก้,804,3
46319,การขายส่งผลิตภัณฑ์อาหารอื่นๆซึ่งมิได้จัดประเภทไว้ในที่อื่น,4245,11
46321,การขายส่งเครื่องดื่มที่มีแอลกอฮอล์,1335,4
46322,การขายส่งเครื่องดื่มที่ไม่มีแอลกอฮอล์,858,3
46323,การขายส่งผลิตภัณฑ์ยาสูบ,206,1
46400,การขายส่งสินค้าในครัวเรือน,1,1
46410,การขายส่งสิ่งทอเสื้อผ้าและรองเท้า,2,1
46411,การขายส่งด้ายและผ้า,1402,4
46412,การขายส่งของใช้ในครัวเรือนที่ทำจากสิ่งทอ,474,2
46413,การขายส่งอุปกรณ์ตัดเย็บ,71,1
46414,การขายส่งเสื้อผ้า,2417,7
46415,การขายส่งรองเท้า,265,1
46420,การขายส่งเครื่องใช้ไฟฟ้าและอิเล็กทรอนิกส์ชนิดใช้ในครัวเรือน,1,1
46421,การขายส่งเครื่องใช้ไฟฟ้าและอิเล็กทรอนิกส์ชนิดใช้ในครัวเรือน,2960,8
46422,การขายส่งอุปกรณ์สำหรับให้แสงสว่าง,578,2
46431,การขายส่งหนังสือหนังสือพิมพ์และเครื่องเขียน,1725,5
46432,การขายส่งสื่อบันทึกเสียงและวีดิทัศน์ที่บันทึกข้อมูลแล้ว,94,1
46433,การขายส่งเครื่องกีฬา,787,2
46434,การขายส่งเกมและของเล่น,406,2
46439,การขายส่งสินค้าวัฒนธรรมและนันทนาการอื่นๆซึ่งมิได้จัดประเภทไว้ในที่อื่น,578,2
46441,การขายส่งสินค้าทางเภสัชภัณฑ์และทางการแพทย์,5644,15
46442,การขายส่งเครื่องหอม,236,1
46443,การขายส่งเครื่องสำอาง,4495,12
46490,การขายส่งสินค้าในครัวเรือนอื่นๆ,1,1
46491,การขายส่งอุปกรณ์ถ่ายภาพและทัศนศาสตร์,233,1
46492,การขายส่งนาฬิกาและเครื่องประดับ,2117,6
46493,การขายส่งเครื่องหนังและเครื่องใช้สำหรับการเดินทาง,371,1
46494,การขายส่งเฟอร์นิเจอร์ชนิดใช้ในครัวเรือน,1235,4
46495,การขายส่งเครื่องดินเผาเครื่องแก้วและเครื่องครัว,353,1
46499,การขายส่งสินค้าในครัวเรือนอื่นๆซึ่งมิได้จัดประเภทไว้ในที่อื่น,1657,5
46500,การขายส่งเครื่องจักรอุปกรณ์และเครื่องมือเครื่องใช้ต่างๆ,2,1
46510,การขายส่งคอมพิวเตอร์อุปกรณ์ต่อพ่วงคอมพิวเตอร์และซอฟต์แวร์,2506,7
46520,การขายส่งอุปกรณ์และชิ้นส่วนทางอิเล็กทรอนิกส์และทางการสื่อสารโทรคมนาคม,3,1
46521,การขายส่งอุปกรณ์และชิ้นส่วนอิเล็กทรอนิกส์,2631,7
46522,การขายส่งโทรศัพท์และอุปกรณ์การสื่อสารโทรคมนาคม,1649,5
46530,การขายส่งเครื่องจักรอุปกรณ์และเครื่องใช้ทางการเกษตร,2119,6
46591,การขายส่งอุปกรณ์ขนส่ง (ยกเว้นยานยนต์จักรยานยนต์และจักรยาน),683,2
46592,การขายส่งเครื่องจักรและอุปกรณ์งานวิศวกรรมโยธางานเหมืองแร่และงานก่อสร้าง,1063,3
46593,การขายส่งเครื่องจักรและอุปกรณ์เพื่อใช้ในงานอุตสาหกรรม,6580,17
46594,การขายส่งเครื่องจักรอุปกรณ์และเฟอร์นิเจอร์ชนิดใช้ในสำนักงาน,865,3
46599,การขายส่งเครื่องจักรและอุปกรณ์อื่นๆซึ่งมิได้จัดประเภทไว้ในที่อื่น,15925,40
46600,การขายส่งสินค้าเฉพาะทางอื่นๆ,1,1
46610,การขายส่งเชื้อเพลิงแข็งเชื้อเพลิงเหลวและเชื้อเพลิงก๊าซ รวมทั้งผลิตภัณฑ์ที่เกี่ยวเนื่อง,1,1
46611,การขายส่งเชื้อเพลิงแข็ง,351,1
46612,การขายส่งเชื้อเพลิงเหลว,1248,4
46613,การขายส่งเชื้อเพลิงก๊าซ,307,1
46614,การขายส่งผลิตภัณฑ์ที่ได้จากการกลั่นปิโตรเลียม,701,2
46621,การขายส่งแร่โลหะที่เป็นเหล็กและนอกกลุ่มเหล็ก,616,2
46622,การขายส่งเหล็กเหล็กกล้าและโลหะที่นอกกลุ่มเหล็กขั้นมูลฐาน,2450,7
46631,การขายส่งอิฐหินปูนทรายและผลิตภัณฑ์คอนกรีต,1017,3
46632,การขายส่งไม้และผลิตภัณฑ์จากไม้แปรรูปขั้นต้น,1694,5
46633,การขายส่งสีทาน้ำมันชักเงาและแลกเกอร์,214,1
46634,การขายส่งอุปกรณ์การวางท่อและเครื่องสุขภัณฑ์,458,2
46639,การขายส่งวัสดุก่อสร้างอื่นๆซึ่งมิได้จัดประเภทไว้ในที่อื่น,5142,13
46691,การขายส่งเคมีภัณฑ์ทางอุตสาหกรรม,4912,13
46692,การขายส่งปุ๋ยและเคมีภัณฑ์ทางการเกษตร,3228,9
46693,การขายส่งยางพาราและพลาสติกขั้นต้น,1787,5
46694,การขายส่งบรรจุภัณฑ์ชนิดใช้ในทางอุตสาหกรรม,1326,4
46695,การขายส่งของเสียและเศษวัสดุเพื่อนำกลับมาใช้ใหม่,2945,8
46696,การขายส่งสินค้าเกี่ยวกับอาวุธยุทโธปกรณ์,416,2
46699,การขายส่งผลิตภัณฑ์อื่นๆซึ่งมิได้จัดประเภทไว้ในที่อื่น,1239,4
46900,การขายส่งสินค้าทั่วไป,7316,19
47100,การขายปลีกในร้านค้าทั่วไป,1,1
47110,การขายปลีกในร้านค้าทั่วไปที่มีอาหารเครื่องดื่มหรือยาสูบเป็นสินค้าหลัก,2,1
47111,ซุปเปอร์มาร์เก็ต,800,2
47112,ดิสเคาท์สโตร์/ซุปเปอร์เซ็นเตอร์/ไฮเปอร์มาร์เก็ต,219,1
47113,ร้านสะดวกซื้อ/มินิมาร์ท,1223,4
47114,ร้านขายของชำ,1051,3
47190,การขายปลีกสินค้าอื่นๆในร้านค้าทั่วไป,9291,24
47200,การขายปลีกอาหารเครื่องดื่มและยาสูบในร้านค้าเฉพาะ,2,1
47210,การขายปลีกอาหารในร้านค้าเฉพาะ,2,1
47211,ร้านขายปลีกเนื้อสัตว์และผลิตภัณฑ์เนื้อสัตว์,724,2
47212,ร้านขายปลีกปลาและผลิตภัณฑ์สัตว์น้ำ,526,2
47213,ร้านขายปลีกผักและผลไม้,803,3
47214,ร้านขายปลีกข้าวและผลิตภัณฑ์ที่ได้จากการสีข้าว,381,1
47215,ร้านขายปลีกผลิตภัณฑ์ขนมอบ,355,1
47219,ร้านขายปลีกอาหารอื่นๆซึ่งมิได้จัดประเภทไว้ในที่อื่น,4350,11
47220,การขายปลีกเครื่องดื่มในร้านค้าเฉพาะ,1,1
47221,ร้านขายปลีกเครื่องดื่มที่มีแอลกอฮอล์,745,2
47222,ร้านขายปลีกเครื่องดื่มที่ไม่มีแอลกอฮอล์,1561,4
47230,การขายปลีกผลิตภัณฑ์ยาสูบในร้านค้าเฉพาะ,85,1
47300,การขายปลีกเชื้อเพลิงยานยนต์ในร้านค้าเฉพาะ สถานี ปั๊ม,7846,20
47410,การขายปลีกคอมพิวเตอร์อุปกรณ์ต่อพ่วงซอฟต์แวร์ และอุปกรณ์การสื่อสารโทรคมนาคมในร้านค้าเฉพาะ,2,1
47411,ร้านขายปลีกคอมพิวเตอร์และอุปกรณ์ต่อพ่วงคอมพิวเตอร์,4430,12
47412,ร้านขายปลีกเครื่องเล่นวีดิโอเกมและซอฟต์แวร์สำเร็จรูป,635,2
47413,ร้านขายปลีกอุปกรณ์การสื่อสารโทรคมนาคม,3439,9
47420,การขายปลีกอุปกรณ์ที่เกี่ยวกับภาพและเสียงในร้านเฉพาะ,483,2
47511,การขายปลีกด้ายและผ้า,850,3
47512,ร้านขายปลีกของใช้ในครัวเรือนที่ทำจากสิ่งทอ,365,1
47513,ร้านขายปลีกอุปกรณ์ตัดเย็บ,70,1
47521,ร้านขายปลีกเครื่องโลหะ,1300,4
47522,ร้านขายปลีกสีทาน้ำมันชักเงาและแลกเกอร์,451,2
47523,ร้านขายปลีกอุปกรณ์การวางท่อและเครื่องสุขภัณฑ์,911,3
47524,ร้านขายปลีกวัสดุก่อสร้างอื่นๆ,12156,31
47525,ร้านขายปลีกวัสดุก่อสร้างหลายชนิดรวมถึงวัสดุอุปกรณ์และเครื่องมือชนิดนำไปใช้ทำงานได้ด้วยตัวเอง,3434,9
47530,การขายปลีกพรมพรมหนาวัสดุปิดฝาผนังและปูพื้นในร้านค้าเฉพาะ,429,2
47590,การขายปลีกเครื่องใช้ไฟฟ้าในครัวเรือนเฟอร์นิเจอร์อุปกรณ์ ไฟฟ้าแสงสว่างและของใช้ในครัวเรือนชนิดอื่นๆในร้านค้าเฉพาะ,2,1
47591,ร้านขายปลีกเฟอร์นิเจอร์ชนิดใช้ในครัวเรือน,2108,6
47592,ร้านขายปลีกเครื่องดินเผาเครื่องแก้วและเครื่องครัว,351,1
47593,ร้านขายปลีกอุปกรณ์ไฟฟ้าสำหรับให้แสงสว่าง,1859,5
47594,ร้านขายปลีกอุปกรณ์เกี่ยวกับเครื่องดนตรี,283,1
47595,ร้านขายปลีกเครื่องใช้ไฟฟ้าชนิดในครัวเรือน,4494,12
47599,ร้านขายปลีกของใช้อื่นๆในครัวเรือนซึ่งมิได้จัดประเภทไว้ในที่อื่น,1171,3
47611,ร้านขายปลีกหนังสือหนังสือพิมพ์วารสารและนิตยสาร,712,2
47612,ร้านขายปลีกเครื่องเขียนและเครื่องใช้สำนักงาน,3423,9
47620,การขายปลีกสื่อบันทึกเสียงเพลงและสื่อบันทึกวีดิทัศน์ในร้านค้าเฉพาะ,64,1
47630,การขายปลีกเครื่องกีฬาในร้านค้าเฉพาะ,1091,3
47640,การขายปลีกเกมและของเล่นในร้านค้าเฉพาะ,347,1
47691,ร้านขายปลีกผลิตภัณฑ์งานฝีมือคนไทยและของที่ระลึก,767,2
47699,ร้านขายปลีกสินค้าทางวัฒนธรรมและนันทนาการอื่นๆซึ่งมิได้ จัดประเภทไว้ในที่อื่น,56,1
47700,การขายปลีกสินค้าอื่นๆในร้านค้าเฉพาะ,1,1
47710,การขายปลีกเสื้อผ้ารองเท้าและเครื่องหนังในร้านค้าเฉพาะ,1,1
47711,ร้านขายปลีกเสื้อผ้า,3302,9
47712,ร้านขายปลีกรองเท้า,262,1
47713,ร้านขายปลีกเครื่องหนังยกเว้นรองเท้า,360,1
47720,การขายปลีกสินค้าทางเภสัชภัณฑ์และทางการแพทย์เครื่องหอม เครื่องสำอางและผลิตภัณฑ์ที่ใช้ในห้องน้ำในร้านค้าเฉพาะ,1,1
47721,ร้านขายปลีกสินค้าทางเภสัชภัณฑ์และเวชภัณฑ์,6887,18
47722,ร้านขายปลีกเครื่องหอม,240,1
47723,ร้านขายปลีกเครื่องสำอาง,5231,14
47730,การขายปลีกสินค้าใหม่อื่นๆในร้านค้าเฉพาะ,1,1
47731,ร้านขายปลีกนาฬิกาแว่นตาและอุปกรณ์ถ่ายภาพ,719,2
47732,ร้านขายปลีกเครื่องประดับ,9168,23
47733,ร้านขายปลีกดอกไม้ต้นไม้และอุปกรณ์ที่เกี่ยวข้อง,1740,5
47734,ร้านขายปลีกสัตว์เลี้ยงและอุปกรณ์ที่เกี่ยวข้อง,588,2
47735,ร้านขายปลีกก๊าซและเชื้อเพลิงอื่นๆสำหรับใช้ในครัวเรือน,871,3
47739,ร้านขายปลีกสินค้าใหม่อื่นๆซึ่งมิได้จัดประเภทไว้ในทื่อื่น,2715,7
47741,ร้านขายปลีกวัตถุโบราณ,53,1
47742,ร้านขายปลีกเครื่องแต่งกายรองเท้าและเครื่องหนังที่ใช้แล้ว,88,1
47743,ร้านขายปลีกคอมพิวเตอร์และอุปกรณ์สื่อสารโทรคมนาคมที่ใช้แล้ว,42,1
47744,ร้านขายปลีกเครื่องใช้ไฟฟ้าและอิเล็กทรอนิกส์ชนิดใช้ในครัวเรือนที่ใช้แล้ว,63,1
47745,ร้านขายปลีกหนังสือหนังสือพิมพ์วารสารและนิตยสารที่ใช้แล้ว,6,1
47749,ร้านขายปลีกสินค้าใช้แล้วอื่นๆซึ่งมิได้จัดประเภทไว้ในที่อื่น,455,2
47811,การขายปลีกผลิตภัณฑ์อาหารบนแผงลอยและตลาด,52,1
47812,การขายปลีกเครื่องดื่มบนแผงลอยและตลาด,21,1
47813,การขายปลีกผลิตภัณฑ์ยาสูบบนแผงลอยและตลาด,7,1
47821,การขายปลีกสิ่งทอบนแผงลอยและตลาด,11,1
47822,การขายปลีกเสื้อผ้ารองเท้าและเครื่องหนังบนแผงลอยและตลาด,83,1
47891,การขายปลีกคอมพิวเตอร์และอุปกรณ์สื่อสารโทรคมนาคม บนแผงลอยและตลาด,88,1
47892,การขายปลีกเครื่องใช้ไฟฟ้าและอิเล็กทรอนิกส์ชนิดใช้ในครัวเรือนบนแผงลอยและตลาด,165,1
47893,การขายปลีกหนังสือหนังสือพิมพ์วารสารและนิตยสาร บนแผงลอยและตลาด,7,1
47894,การขายปลีกสื่อบันทึกเสียงและภาพบนแผงลอยและตลาด,11,1
47895,การขายปลีกสินค้าทางเภสัชภัณฑ์และเวชภัณฑ์ เครื่องหอมและเครื่องสำอางบนแผงลอยและตลาด,239,1
47896,การขายปลีกนาฬิกาแว่นตาเครื่องเพชรพลอยบนแผงลอย และตลาด,35,1
47897,การขายปลีกดอกไม้ต้นไม้สัตว์เลี้ยงและอาหารสำหรับสัตว์เลี้ยงบนแผงลอยและตลาด,40,1
47899,การขายปลีกสินค้าอื่นๆซึ่งมิได้จัดประเภทไว้ในที่อื่นบนแผงลอยและตลาด,232,1
47910,การขายปลีกผ่านการสั่งซื้อทางไปรษณีย์หรือทางอินเทอร์เน็ต,6,1
47911,การขายปลีกโดยการรับสั่งสินค้าทางไปรษณีย์โทรทัศน์วิทยุ และโทรศัพท์,189,1
47912,การขายปลีกทางอินเทอร์เน็ต,5306,14
47990,การขายปลีกโดยวิธีอื่นๆที่ไม่ได้กระทำในร้านค้าแผงลอยหรือ ตลาด,2,1
47991,การขายตรง,1230,4
47999,การขายปลีกโดยไม่มีร้านซึ่งมิได้จัดประเภทไว้ในที่อื่น,611,2
49000,การขนส่งทางบกและการขนส่งทางท่อลำเลียง,2,1
49100,การขนส่งทางรถไฟ,1,1
49110,การขนส่งผู้โดยสารทางรถไฟระหว่างเมือง,12,1
49120,การขนส่งสินค้าทางรถไฟ,20,1
49200,การขนส่งผู้โดยสารด้วยรถโดยสารประจำทาง,2,1
49201,การขนส่งผู้โดยสารด้วยรถโดยสารประจำทางในกรุงเทพฯ และปริมณฑล,93,1
49202,การขนส่งผู้โดยสารทางรถโดยสารประจำทางระหว่างกรุงเทพฯ กับจังหวัดอื่น,33,1
49203,การขนส่งผู้โดยสารทางรถโดยสารประจำทางระหว่างจังหวัด,29,1
49204,การขนส่งผู้โดยสารทางรถโดยสารประจำทางในชนบท,37,1
49209,การขนส่งผู้โดยสารทางรถโดยสารประจำทางอื่นๆซึ่งมิได้จัดประเภทไว้ในที่อื่น,861,3
49300,การขนส่งทางบกอื่นๆ,6,1
49310,การขนส่งผู้โดยสารในเขตเมืองและปริมณฑลยกเว้นทางรถโดยสารประจำทาง,25,1
49321,การขนส่งผู้โดยสารโดยรถยนต์รับจ้าง/แท็กซี่,299,1
49322,การขนส่งผู้โดยสารโดยรถสามล้อเครื่องและจักรยานยนต์รับจ้าง,19,1
49323,การขนส่งและขนถ่ายสินค้า รวมถึงคนโดยสาร,15363,39
49329,การขนส่งผู้โดยสารทางบกอื่นๆซึ่งมิได้จัดประเภทไว้ในที่อื่น,2660,7
49330,การขนส่งสินค้าทางถนน,12,1
49331,การขนส่งสินค้าแช่เย็นหรือแช่แข็งทางถนน,207,1
49332,การขนส่งผลิตภัณฑ์ปิโตรเลียมทางถนน,263,1
49333,การขนส่งของเหลวหรือก๊าซ (ยกเว้นก๊าซธรรมชาติ) ทางถนน,40,1
49334,การขนส่งสินค้าที่บรรจุในตู้คอนเทนเนอร์ทางถนน,454,2
49339,การขนส่งสินค้าอื่นๆทางถนนซึ่งมิได้จัดประเภทไว้ในที่อื่น,7003,18
49400,การขนส่งทางระบบท่อลำเลียง,11,1
50000,การขนส่งทางน้ำ,2,1
50100,การขนส่งทางทะเลและตามแนวชายฝั่งทะเล,4,1
50111,การขนส่งผู้โดยสารทางทะเลและตามแนวชายฝั่งทะเลโดยเรือโดยสารข้ามฟาก,8,1
50112,การขนส่งผู้โดยสารทางทะเลและตามแนวชายฝั่งทะเลโดยเรือท่องเที่ยวหรือเรือโดยสารทัศนาจรขนาดใหญ่,76,1
50119,การขนส่งผู้โดยสารทางทะเลและตามแนวชายฝั่งทะเลโดยเรืออื่นๆซึ่งมิได้จัดประเภทไว้ในที่อื่น,44,1
50121,การขนส่งสินค้าทางทะเลและตามแนวชายฝั่งทะเล,266,1
50122,การบริการลากจูงและดัน เรือลำเลียง/สิ่งก่อสร้างลอยน้ำ ที่ดำเนินการทางทะเลและตามแนวชายฝั่งทะเล,19,1
50200,การขนส่งทางน้ำภายในประเทศ,1,1
50211,การขนส่งผู้โดยสารทางน้ำภายในประเทศโดยเรือโดยสารข้ามฟาก,15,1
50212,การขนส่งผู้โดยสารทางน้ำภายในประเทศโดยเรือทัศนาจรหรือเรือสำราญกีฬา,86,1
50219,การขนส่งผู้โดยสารทางน้ำภายในประเทศโดยเรืออื่นๆซึ่งมิได้จัดประเภทไว้ในที่อื่น,52,1
50221,การขนส่งทางน้ำภายในประเทศ,215,1
50222,การบริการลากจูงหรือการดัน เรือลำเลียง และสิ่งก่อสร้างลอยน้ำที่ดำเนินการทางน้ำภายในประเทศ,20,1
51100,การขนส่งผู้โดยสารทางอากาศ,2,1
51101,การขนส่งผู้โดยสารทางอากาศที่มีตารางเวลา,66,1
51102,การขนส่งผู้โดยสารทางอากาศที่ไม่มีตารางเวลา,29,1
51201,การขนส่งสินค้าทางอากาศที่มีตารางเวลา,84,1
51202,การขนส่งสินค้าทางอากาศที่ไม่มีตารางเวลา,51,1
52101,กิจกรรมที่เกี่ยวกับคลังสินค้าและการจัดเก็บสินค้าแช่เย็นหรือแช่แข็ง,194,1
52102,กิจกรรมที่เกี่ยวกับคลังสินค้าและการจัดเก็บสินค้าธัญพืช,44,1
52109,กิจกรรมที่เกี่ยวกับคลังสินค้าและการจัดเก็บสินค้าอื่นๆซึ่งมิได้จัดประเภทไว้ในที่อื่น,645,2
52210,กิจกรรมบริการต่างๆสำหรับการขนส่งทางบก,1,1
52211,กิจกรรมการบริการสำหรับการขนส่งทางรถไฟ,6,1
52212,กิจกรรมการบริการสถานีรถโดยสาร,86,1
52213,กิจกรรมการบริการสถานที่จอดยานพาหนะ,119,1
52214,กิจกรรมการบริการรถยก,335,1
52219,กิจกรรมการบริการอื่นๆที่สนับสนุนการขนส่งทางบก ซึ่งมิได้จัดประเภทไว้ในที่อื่น,177,1
52221,กิจกรรมการดำเนินงานเกี่ยวกับสิ่งอำนวยความสะดวกของท่าเรือ (ยกเว้นการขนถ่ายสินค้า),159,1
52229,กิจกรรมการบริการต่าง ๆ สำหรับการขนส่งทางน้ำ ซึ่งมิได้จัดประเภทไว้ในที่อื่น,83,1
52231,กิจกรรมการดำเนินงานของสนามบิน (ยกเว้นการขนถ่ายสินค้า),65,1
52239,กิจกรรมการบริการอื่นๆที่สนับสนุนการขนส่งทางอากาศซึ่งมิได้จัดประเภทไว้ในที่อื่น,51,1
52241,การขนถ่ายสินค้า,678,2
52242,การขนถ่ายสัมภาระ,17,1
52290,กิจกรรมอื่น ๆ ที่สนับสนุนการขนส่ง,1,1
52291,กิจกรรมการบริหารจัดการด้านการขนส่งและสถานที่เก็บสินค้า,1398,4
52292,กิจกรรมของตัวแทนผู้รับจัดการขนส่งสินค้าและตัวแทนออกของ (ตัวแทนดำเนินพิธีการศุลกากร),4562,12
52293,กิจกรรมบริการบรรจุหีบห่อเพื่อการขนส่ง,322,1
52299,กิจกรรมอื่น ๆ ที่สนับสนุนการขนส่งซึ่งมิได้จัดประเภทไว้ในที่อื่น,139,1
53100,กิจกรรมไปรษณีย์,80,1
53200,กิจกรรมการรับส่งเอกสาร/สิ่งของ,1400,4
55100,ที่พักแรมระยะสั้น,1,1
55101,โรงแรม รีสอร์ทและห้องชุด,10934,28
55102,เกสต์เฮ้าส์,544,2
55103,ที่พักสัมผัสวัฒนธรรมชนบท,71,1
55109,กิจกรรมที่พักแรมระยะสั้นอื่น ๆ ซึ่งมิได้จัดประเภทไว้ในที่อื่น,852,3
55200,ลานตั้งค่ายพักแรม ที่จอดรถพ่วงและที่ตั้งที่พักแบบเคลื่อนที่,24,1
55901,การบริการห้องพักหรือที่พักอาศัยสำหรับนักเรียน/นักศึกษา,201,1
55909,การบริการที่พักแรมประเภทอื่นๆซึ่งมิได้จัดประเภทไว้ในที่อื่น,525,2
56000,การบริการด้านอาหารและเครื่องดื่ม,4,1
56101,การบริการด้านอาหารในภัตตาคาร/ร้านอาหาร,18212,46
56102,การบริการด้านอาหารบนแผงลอยและตลาด,51,1
56103,การบริการด้านอาหารโดยร้านอาหารแบบเคลื่อนที่,56,1
56200,การบริการด้านการจัดเลี้ยงและบริการอาหารประเภทอื่นๆ,1,1
56210,การบริการด้านการจัดเลี้ยง,507,2
56291,การบริการอาหารสำหรับกิจการขนส่ง,37,1
56292,การดำเนินงานของโรงอาหาร,84,1
56299,การบริการด้านอาหารอื่นๆซึ่งมิได้จัดประเภทไว้ในที่อื่น,246,1
56301,การบริการด้านเครื่องดื่มที่มีแอลกอฮอล์เป็นหลักในร้าน,615,2
56302,การบริการด้านเครื่องดื่มที่ไม่มีแอลกอฮอล์เป็นหลักในร้าน,1291,4
56303,การบริการด้านเครื่องดื่มบนแผงลอยและตลาด,9,1
56304,การบริการด้านเครื่องดื่มโดยร้านเคลื่อนที่,11,1
58100,การจัดพิมพ์จำหน่ายหรือเผยแพร่หนังสือนิตยสารและอื่นๆ,2,1
58111,การจัดพิมพ์จำหน่ายหรือเผยแพร่ตำราเรียนพจนานุกรมและสารานุกรมลงบนสื่อต่างๆ (ยกเว้นทางออนไลน์),244,1
58112,การจัดพิมพ์จำหน่ายหรือเผยแพร่โบรชัวร์ใบปลิวและสิ่งพิมพ์อื่นๆที่คล้ายกันลงบนสื่อต่างๆ (ยกเว้นทางออนไลน์),261,1
58113,การจัดพิมพ์จำหน่ายหรือเผยแพร่หนังสือออนไลน์,81,1
58114,กิจกรรมการดูแลสิทธิในการผลิตซ้ำหนังสือเพื่อจำหน่ายหรือเผยแพร่,8,1
58121,การจัดพิมพ์จำหน่ายหรือเผยแพร่นามานุกรมและที่อยู่ทางไปรษณีย์ลงบนสื่อต่างๆ (ยกเว้นทางออนไลน์),4,1
58122,การจัดพิมพ์จำหน่ายหรือเผยแพร่นามานุกรมและที่อยู่ ทางไปรษณีย์ผ่านทางออนไลน์,2,1
58131,การจัดพิมพ์จำหน่ายหรือเผยแพร่หนังสือพิมพ์ลงบนสื่อต่างๆ (ยกเว้นทางออนไลน์),106,1
58132,การจัดพิมพ์จำหน่ายหรือเผยแพร่วารสารและนิตยสารลงบนสื่อต่างๆ (ยกเว้นทางออนไลน์),100,1
58133,การจัดพิมพ์จำหน่ายหรือเผยแพร่หนังสือพิมพ์วารสารและนิตยสารออนไลน์,42,1
58134,กิจกรรมการดูแลสิทธิในการผลิตซ้ำหนังสือพิมพ์วารสารและนิตยสารเพื่อจำหน่ายหรือเผยแพร่,4,1
58190,การจัดพิมพ์จำหน่ายหรือเผยแพร่งานอื่นๆ,1,1
58191,การจัดพิมพ์จำหน่ายหรือเผยแพร่งานอื่นๆลงบนสื่อต่างๆ (ยกเว้นทางออนไลน์),149,1
58192,การจัดพิมพ์จำหน่ายหรือเผยแพร่งานอื่นๆผ่านทางออนไลน์,345,1
58193,กิจกรรมการดูแลสิทธิในการผลิตซ้ำงานอื่นๆเพื่อจำหน่ายหรือเผยแพร่,23,1
58201,การจัดทำซอฟต์แวร์เกมสำเร็จรูป,206,1
58202,การจัดทำซอฟต์แวร์สำเร็จรูป (ยกเว้นซอฟต์แวร์เกมสำเร็จรูป),2058,6
58203,กิจกรรมการดูแลสิทธิในการผลิตซ้ำซอฟต์แวร์สำเร็จรูป เพื่อจำหน่ายหรือเผยแพร่,36,1
59000,กิจกรรมการผลิตภาพยนตร์วีดิทัศน์และรายการโทรทัศน์การบันทึกเสียงและการจัดพิมพ์จำหน่ายหรือเผยแพร่ดนตรี,2,1
59110,กิจกรรมการผลิตภาพยนตร์วีดิทัศน์และรายการโทรทัศน์,3,1
59111,กิจกรรมการผลิตภาพยนตร์และวีดิทัศน์,1341,4
59112,กิจกรรมการผลิตรายการโทรทัศน์,1634,5
59121,การบริการตัดต่อภาพและเสียง,206,1
59122,การบริการทำคอมพิวเตอร์กราฟฟิกแอนิเมชั่นและเทคนิคพิเศษ,269,1
59129,กิจกรรมภายหลังการผลิตภาพยนตร์วิดีทัศน์และรายการโทรทัศน์อื่นๆซึ่งมิได้จัดประเภทไว้ในที่อื่น,59,1
59130,กิจกรรมการเผยแพร่ภาพยนตร์วีดิทัศน์และรายการโทรทัศน์,1,1
59131,กิจกรรมการเผยแพร่ภาพยนตร์วีดิทัศน์และรายการโทรทัศน์,87,1
59132,กิจกรรมการดูแลสิทธิในการผลิตซ้ำภาพยนตร์วีดิทัศน์และรายการโทรทัศน์เพื่อจำหน่ายหรือเผยแพร่,29,1
59140,กิจกรรมด้านการจัดฉายภาพยนตร์,60,1
59201,กิจกรรมการบันทึกเสียงลงบนสื่อ,166,1
59202,กิจกรรมการจัดพิมพ์จำหน่ายหรือเผยแพร่ดนตรี,80,1
59203,กิจกรรมการดูแลสิทธิในการผลิตซ้ำดนตรีเพื่อจำหน่ายหรือเผยแพร่,40,1
60101,การออกอากาศทางวิทยุกระจายเสียง (ยกเว้นทางออนไลน์),2332,6
60102,การออกอากาศทางวิทยุกระจายเสียงผ่านทางออนไลน์,73,1
60201,การจัดผังรายการและการออกอากาศทางโทรทัศน์โดยไม่ต้องสมัครสมาชิก (ยกเว้นทางออนไลน์),55,1
60202,การจัดผังรายการและการออกอากาศทางโทรทัศน์โดยสมัครสมาชิก (ยกเว้นทางออนไลน์),31,1
60203,การจัดผังรายการและการออกอากาศทางโทรทัศน์ผ่านทางออนไลน์,37,1
61100,กิจกรรมการโทรคมนาคมแบบใช้สาย,5,1
61101,การบริการอินเทอร์เน็ตแบบใช้สายและไร้สาย,659,2
61102,การบริการจัดส่งสัญญาณโทรทัศน์/วิทยุผ่านสายเคเบิล,257,1
61109,กิจกรรมการโทรคมนาคมแบบใช้สายอื่นๆซึ่งมิได้จัดประเภทไว้ในที่อื่น,76,1
61200,กิจกรรมการโทรคมนาคมแบบไร้สาย,2,1
61201,การบริการระบบโทรศัพท์เคลื่อนที่,217,1
61202,การบริการอินเทอร์เน็ตแบบไร้สาย,46,1
61209,กิจกรรมการโทรคมนาคมแบบไร้สายอื่นๆซึ่งมิได้จัดประเภทไว้ในที่อื่น,80,1
61301,การบริการจัดส่งสัญญาณรายการโทรทัศน์/วิทยุผ่านดาวเทียม,40,1
61302,กิจกรรมการโทรคมนาคมผ่านดาวเทียม (ยกเว้นการบริการจัดส่งสัญญาณรายการโทรทัศน์/วิทยุผ่านดาวเทียม),31,1
61900,กิจกรรมการโทรคมนาคมด้านอื่นๆ,304,1
62000,กิจกรรมการจัดทำโปรแกรมคอมพิวเตอร์การให้คำปรึกษาเกี่ยวกับคอมพิวเตอร์และกิจกรรมที่เกี่ยวข้อง,29,1
62010,กิจกรรมการจัดทำโปรแกรมคอมพิวเตอร์ตามวัตถุประสงค์ของผู้ใช้,2,1
62011,กิจกรรมการจัดทำโปรแกรมเว็บเพจและเครือข่ายตามวัตถุประสงค์ของผู้ใช้,2283,6
62012,กิจกรรมการจัดทำโปรแกรมคอมพิวเตอร์ตามวัตถุประสงค์ของผู้ใช้ (ยกเว้นโปรแกรมเว็บเพจและเครือข่าย),3024,8
62020,กิจกรรมการให้คำปรึกษาเกี่ยวกับคอมพิวเตอร์และการจัดการสิ่งอำนวยความสะดวกด้านคอมพิวเตอร์,1,1
62021,กิจกรรมการให้คำปรึกษาทางด้านฮาร์ดแวร์,607,2
62022,กิจกรรมการให้คำปรึกษาทางด้านซอฟต์แวร์,1957,5
62023,กิจกรรมการจัดการสิ่งอำนวยความสะดวกด้านคอมพิวเตอร์,1169,3
62090,กิจกรรมการบริการเทคโนโลยีสารสนเทศและคอมพิวเตอร์อื่นๆ,1724,5
63100,การประมวลผลข้อมูลการสร้างแม่ข่ายและกิจกรรมที่เกี่ยวข้องเวบท่า,1,1
63111,กิจกรรมการบริหารจัดการและประมวลผลข้อมูล,476,2
63112,กิจกรรมการสร้างแม่ข่าย,613,2
63113,การบริการเป็นตลาดกลางในการซื้อขายสินค้าหรือบริการ โดยวิธีใช้สื่ออิเล็กทรอนิกส์ผ่านระบบเครือข่ายอินเทอร์เน็ต,927,3
63120,เวบท่า,43,1
63900,กิจกรรมการบริการสารสนเทศอื่นๆ,1,1
63911,กิจกรรมสำนักข่าวสื่อสิ่งพิมพ์,55,1
63912,กิจกรรมสำนักข่าวสื่อโสตทัศน์,49,1
63990,กิจกรรมบริการสารสนเทศอื่นๆซึ่งมิได้จัดประเภทไว้ในที่อื่น,236,1
64000,กิจกรรมบริการทางการเงิน ยกเว้น การประกันภัยและกองทุนบำเหน็จบำนาญ,1,1
64110,ธนาคารกลาง,1,1
64191,ธนาคารพาณิชย์,21,1
64192,บริษัทเงินทุน,12,1
64193,บริษัทเครดิตฟองซิเอร์,7,1
64194,ธนาคารเฉพาะกิจ,1,1
64195,สหกรณ์ที่เป็นตัวกลางทางการเงิน,6,1
64201,กิจกรรมของบริษัทโฮลดิ้งที่ลงทุนในธุรกิจการเงินเป็นหลัก,523,2
64202,กิจกรรมของบริษัทโฮลดิ้งที่ไม่ได้ลงทุนในธุรกิจการเงินเป็นหลัก,4519,12
64301,กองทุน,42,1
64302,ทรัสต์,19,1
64309,กิจกรรมทางการเงินอื่นๆซึ่งมิได้จัดประเภทไว้ในที่อื่น,227,1
64911,สัญญาเช่าทางการเงินสำหรับยานยนต์,411,2
64912,สัญญาเช่าทางการเงินสำหรับเครื่องจักรและอุปกรณ์เพื่อ การดำเนินธุรกิจ,24,1
64913,สัญญาเช่าทางการเงินสำหรับสินค้าอุปโภค (ยกเว้นยานยนต์และ จักรยานยนต์),60,1
64921,การให้สินเชื่อเพื่อการค้าและการลงทุน,301,1
64922,การให้สินเชื่อเพื่อการอุปโภคบริโภค,178,1
64923,การให้สินเชื่อเพื่อการซื้อที่อยู่อาศัย,26,1
64924,การให้สินเชื่อบัตรเครดิต,24,1
64925,การบริการของโรงรับจำนำ,524,2
64929,การให้สินเชื่ออื่นๆซึ่งมิได้จัดประเภทไว้ในที่อื่น,1853,5
64991,กิจกรรมการให้เงินทุนนอกเหนือจากการให้กู้ยืมเงิน,280,1
64992,กิจกรรมการลงทุนที่เป็นกิจกรรมของตนเอง,304,1
64999,กิจกรรมบริการทางการเงินอื่นๆ (ยกเว้นกิจกรรมการประกันภัย และกองทุนบำเหน็จบำนาญ) ซึ่งมิได้จัดประเภทไว้ในที่อื่น,984,3
65110,การประกันชีวิต,57,1
65120,การประกันวินาศภัย,101,1
65200,การประกันภัยต่อ,11,1
65300,กองทุนบำเหน็จบำนาญ (ผลประโยชน์ ตอบแทนเพื่อการเกษียณอายุหรือการชราภาพ),3,1
66111,การบริหารงานตลาดเงินและตลาดทุน,44,1
66112,การบริหารงานตลาดอนุพันธ์,7,1
66113,การบริการควบคุมดูแลการบริหารงานตลาดการเงิน,13,1
66120,กิจกรรมนายหน้าซื้อขายหลักทรัพย์และตราสารอนุพันธ์,1,1
66121,กิจกรรมนายหน้าซื้อขายหลักทรัพย์,152,1
66122,กิจกรรมนายหน้าซื้อขายตราสารอนุพันธ์,17,1
66123,กิจกรรมเกี่ยวกับแลกเปลี่ยนเงินตราต่างประเทศ,1453,4
66191,บริการที่ปรึกษาการลงทุน,731,2
66192,กิจกรรมการประมวลผลและการเรียกชำระเงินสำหรับธุรกรรม ทางการเงิน,145,1
66193,บริการดูแลและรักษาหลักทรัพย์,159,1
66199,กิจกรรมอื่นๆที่ช่วยเสริมกิจกรรมการให้บริการทางการเงิน ซึ่งมิได้จัดประเภทไว้ในที่อื่น,1520,4
66210,การประเมินความเสี่ยงภัยและมูลค่าความเสียหาย,692,2
66220,กิจกรรมของตัวแทนและนายหน้าประกันภัย,1,1
66221,กิจกรรมของตัวแทนและนายหน้าประกันชีวิต,723,2
66222,กิจกรรมของตัวแทนและนายหน้าประกันวินาศภัย,738,2
66290,กิจกรรมอื่นๆที่สนับสนุนการประกันภัยและกองทุนบำเหน็จ บำนาญ,82,1
66301,กิจกรรมการจัดการหลักทรัพย์การลงทุนและกองทุน (ยกเว้น กองทุนบำเหน็จบำนาญ),136,1
66302,กิจกรรมการจัดการกองทุนบำเหน็จบำนาญ,1,1
68000,กิจกรรมเกี่ยวกับอสังหาริมทรัพย์,6,1
68100,กิจกรรมเกี่ยวกับอสังหาริมทรัพย์ที่เป็นของตนเองหรือเช่าจาก ผู้อื่น,4,1
68101,การซื้อและการขายอสังหาริมทรัพย์ที่เป็นของตนเอง เพื่อการพักอาศัย,10549,27
68102,การซื้อและการขายอสังหาริมทรัพย์ที่เป็นของตนเองที่ไม่ใช่ เพื่อเป็นที่พักอาศัย,26269,66
68103,การเช่าและการดำเนินการเกี่ยวกับอสังหาริมทรัพย์ที่เป็น ของตนเองหรือเช่าจากผู้อื่นเพื่อเป็นที่พักอาศัย,14281,36
68104,การเช่าและการดำเนินการเกี่ยวกับอสังหาริมทรัพย์ที่เป็นของ ตนเองหรือเช่าจากผู้อื่นที่ไม่ใช่เพื่อเป็นที่พักอาศัย,15350,39
68200,กิจกรรมเกี่ยวกับอสังหาริมทรัพย์ที่กระทำโดยได้รับค่าตอบแทน หรือตามสัญญาจ้าง,11,1
68201,กิจกรรมของตัวแทนและนายหน้าอสังหาริมทรัพย์โดยได้รับ ค่าตอบแทนหรือตามสัญญาจ้าง,6519,17
68202,กิจกรรมบริการอื่นๆที่เกี่ยวกับอสังหาริมทรัพย์โดยได้รับ ค่าตอบแทนหรือตามสัญญาจ้าง,2303,6
69000,กิจกรรมทางกฎหมายและบัญชี,1,1
69100,กิจกรรมทางกฎหมาย,5836,15
69200,กิจกรรมเกี่ยวกับบัญชีการทำบัญชีและการตรวจสอบบัญชี การให้คำปรึกษาด้านภาษี,10517,27
70000,กิจกรรมของสำนักงานใหญ่กิจกรรมการให้คำปรึกษาด้าน การบริหารจัดการ ตัวแทนธุรกิจการค้าระหว่างประเทศ,3,1
70100,กิจกรรมของสำนักงานใหญ่,230,1
70101,สำนักงานผู้แทนนิติบุคคลระหว่างประเทศ,196,1
70102,สำนักงานภูมิภาคของบริษัทข้ามชาติ,29,1
70103,สำนักงานปฏิบัติการภูมิภาค,208,1
70200,กิจกรรมการให้คำปรึกษาด้านการบริหารจัดการ,23,1
70201,กิจกรรมให้คำปรึกษาด้านการสื่อสารประชาสัมพันธ์,413,2
70202,กิจกรรมให้คำปรึกษาด้านการบริหารจัดการการเงิน,1302,4
70209,กิจกรรมให้คำปรึกษาด้านการบริหารจัดการอื่นๆซึ่งมิได้จัด ประเภทไว้ในที่อื่น,15008,38
71100,กิจกรรมงานสถาปัตยกรรมและวิศวกรรมและการให้คำปรึกษา ทางด้านเทคนิคที่เกี่ยวข้อง,1,1
71101,กิจกรรมงานสถาปัตยกรรมและการให้คำปรึกษาที่เกี่ยวข้อง,3759,10
71102,กิจกรรมงานวิศวกรรมและการให้คำปรึกษาทางด้านเทคนิค ที่เกี่ยวข้อง,6154,16
71103,กิจกรรมงานธรณีฟิสิกส์ธรณีวิทยาและการให้คำปรึกษาที่ เกี่ยวข้อง,251,1
71201,การทดสอบและวิเคราะห์การปฏิบัติการทางกายภาพและเคมี,364,1
71202,การตรวจสภาพยานยนต์ทางเทคนิค,640,2
71209,การทดสอบและวิเคราะห์ทางเทคนิคอื่นๆซึ่งมิได้จัดประเภท ไว้ในที่อื่น,343,1
72101,การวิจัยและพัฒนาเชิงทดลองด้านวิทยาศาสตร์ธรรมชาติ,241,1
72102,การวิจัยและพัฒนาเชิงทดลองด้านเทคโนโลยีชีวภาพ,312,1
72109,การวิจัยและพัฒนาเชิงทดลองด้านวิศวกรรมและเทคโนโลยีอื่นๆ ซึ่งมิได้จัดประเภทไว้ในที่อื่น,466,2
72200,การวิจัยและพัฒนาเชิงทดลองด้านสังคมศาสตร์และมนุษยศาสตร์,71,1
73000,การโฆษณาและการวิจัยตลาด,1,1
73101,กิจกรรมของบริษัทโฆษณา,10822,28
73102,กิจกรรมของตัวแทนขายสื่อโฆษณา,826,3
73200,การวิจัยตลาดและการสำรวจความคิดเห็นของประชาชน (ประชามติ),302,1
74101,กิจกรรมการออกแบบและตกแต่งภายใน,5124,13
74109,กิจกรรมการออกแบบเฉพาะด้านอื่นๆซึ่งมิได้จัดประเภทไว้ ในที่อื่น,1795,5
74200,กิจกรรมการถ่ายภาพ,858,3
74901,กิจกรรมการแปลการแปลความหมายและล่าม,497,2
74902,กิจกรรมการให้คำปรึกษาด้านสิ่งแวดล้อม,309,1
74909,กิจกรรมทางวิชาชีพวิทยาศาสตร์และเทคนิคอื่นๆซึ่งมิได้ จัดประเภทไว้ในที่อื่น,438,2
75000,กิจกรรมเกี่ยวกับสัตวแพทย์,416,2
77100,การให้เช่าและให้เช่าแบบลีสซิ่งยานยนต์,1,1
77101,การให้เช่าและให้เช่าแบบลิสซิ่งยานยนต์ชนิดนั่งส่วนบุคคล รถกระบะรถตู้และรถขนาดเล็กที่คล้ายกัน,1959,5
77109,การให้เช่าและให้เช่าแบบลิสซิ่งยานยนต์ชนิดรถบรรทุก และยานยนต์หนักอื่นๆ,335,1
77210,การให้เช่าและให้เช่าแบบลีสซิ่งสินค้าเพื่อการนันทนาการและการกีฬา,224,1
77220,การให้เช่าแถบวีดิทัศน์และแผ่นดิสก์,24,1
77291,การให้เช่าหนังสือ,1,1
77299,การให้เช่าของใช้ส่วนบุคคลและของใช้ในครัวเรือนอื่นๆ ซึ่งมิได้จัดประเภทไว้ในที่อื่น,847,3
77301,การให้เช่าและการให้เช่าแบบลีสซิ่งอุปกรณ์การขนส่งทางบก (ยกเว้นยานยนต์),100,1
77302,การให้เช่าและการให้เช่าแบบลีสซิ่งอุปกรณ์การขนส่งทางน้ำ,95,1
77303,การให้เช่าและการให้เช่าแบบลีสซิ่งอุปกรณ์การขนส่งทางอากาศ,24,1
77304,การให้เช่าและการให้เช่าแบบลีสซิ่งเครื่องจักรและอุปกรณ์ ทางการเกษตรและการป่าไม้,134,1
77305,การให้เช่าและการให้เช่าแบบลีสซิ่งเครื่องจักรและอุปกรณ์ ที่ใช้ในการก่อสร้างและงานวิศวกรรมโยธา,720,2
77306,การให้เช่าและการให้เช่าแบบลีสซิ่งเครื่องจักรและอุปกรณ์ สำนักงาน,259,1
77309,การให้เช่าและการให้เช่าแบบลีสซิ่งเครื่องจักรอุปกรณ์ และสินค้าที่จับต้องได้อื่นๆซึ่งมิได้จัดประเภทไว้ในที่อื่น,736,2
77400,การให้เช่าแบบลิสซิ่งผลิตภัณฑ์ที่มีสินทรัพย์ทางปัญญา และผลิตภัณฑ์ที่คล้ายกันยกเว้นงานที่มีลิขสิทธิ์,503,2
77409,บริการเกี่ยวกับสิทธิพิเศษอื่น ๆ,28,1
78100,กิจกรรมของสำนักงานจัดหางานหรือตัวแทนจัดหางาน,3,1
78101,กิจกรรมของบริษัทตัวแทนและสำนักงานคัดเลือกนักแสดง,504,2
78109,กิจกรรมของสำนักงานจัดหางานหรือตัวแทนจัดหางานอื่นๆ ซึ่งมิได้จัดประเภทไว้ในที่อื่น,1080,3
78200,กิจกรรมการให้บริการจ้างงานชั่วคราว,1980,5
78300,กิจกรรมการจัดหาทรัพยากรมนุษย์อื่นๆ,578,2
79000,ตัวแทนธุรกิจการเดินทางธุรกิจจัดนำเที่ยวและบริการสำรอง และกิจกรรมที่เกี่ยวข้อง,6,1
79100,ตัวแทนธุรกิจการเดินทางธุรกิจจัดนำเที่ยว,3,1
79110,ตัวแทนธุรกิจการเดินทาง,1657,5
79120,ธุรกิจจัดนำเที่ยว,8190,21
79901,กิจกรรมของมัคคุเทศก์,19,1
79909,กิจกรรมบริการสำรองอื่นๆและกิจกรรมที่เกี่ยวข้องซึ่งมิได้ จัดประเภทไว้ในที่อื่น,2097,6
80000,กิจกรรมการบริการรักษาความปลอดภัยและการสืบสวน,1,1
80100,กิจกรรมการรักษาความปลอดภัยส่วนบุคคล,3758,10
80200,กิจกรรมการบริการระบบรักษาความปลอดภัย,474,2
80300,กิจกรรมสืบสวน,26,1
81000,กิจกรรมบริการสำหรับอาคารและภูมิทัศน์,1,1
81100,กิจกรรมสนับสนุนการอำนวยความสะดวกแบบเบ็ดเสร็จ,105,1
81200,การบริการทำความสะอาด,1,1
81210,การบริการทำความสะอาดทั่วไปของตัวอาคาร,2383,6
81290,การบริการทำความสะอาดสำหรับอาคารและอุตสาหกรรม อื่นๆ,1,1
81291,กิจกรรมการทำความสะอาดพื้นผิวภายนอกอาคาร,41,1
81292,กิจกรรมการทำความสะอาดภายในที่ใช้ความชำนาญเฉพาะด้าน,176,1
81293,กิจกรรมการฆ่าเชื้อและกำจัด,1038,3
81299,กิจกรรมการทำความสะอาดสำหรับอาคารและอุตสาหกรรมอื่นๆ ซึ่งมิได้จัดประเภทไว้ในที่อื่น,105,1
81300,การบริการดูแลและบำรุงรักษาภูมิทัศน์,1687,5
82000,การบริหารสำนักงานบริการสนับสนุนสำนักงานและบริการ สนับสนุนทางธุรกิจอื่นๆ,1,1
82100,กิจกรรมการบริหารและสนับสนุนสำนักงาน,1,1
82110,กิจกรรมบริการเพื่อการบริหารสำนักงานแบบเบ็ดเสร็จ,4826,13
82191,การถ่ายเอกสาร,210,1
82199,การเตรียมเอกสารและกิจกรรมเฉพาะด้านอื่นๆที่สนับสนุน สำนักงาน,137,1
82200,กิจกรรมศูนย์บริการลูกค้าทางโทรศัพท์,110,1
82300,การจัดประชุมและการแสดงสินค้า,7,1
82301,การจัดการประชุม,2993,8
82302,การจัดการแสดงทางธุรกิจและการแสดงสินค้า,3101,8
82900,กิจกรรมการบริการเพื่อสนับสนุนธุรกิจซึ่งมิได้จัดประเภทไว้ ในที่อื่น,2,1
82911,กิจกรรมของตัวแทนที่ทำหน้าที่เรียกเก็บเงิน,264,1
82912,กิจกรรมการบริการข้อมูลเครดิต,18,1
82920,กิจกรรมที่เกี่ยวกับการบรรจุภัณฑ์,345,1
82990,กิจกรรมการบริการอื่นๆเพื่อสนับสนุนธุรกิจซึ่งมิได้จัดประเภทไว้ ในที่อื่น,4852,13
84000,การบริหารราชการและการป้องกันประเทศรวมถึงการ ประกันสังคมภาคบังคับ,1,1
84120,การกำหนดกฎเกณฑ์เกี่ยวกับกิจกรรมการให้บริการทางสุขภาพ การศึกษาวัฒนธรรมและการบริการทางสังคมอื่นๆยกเว้น การประกันสังคม,2,1
84121,การกำหนดกฎเกณฑ์เกี่ยวกับกิจกรรมการให้บริการทางการศึกษา,1,1
84122,การกำหนดกฎเกณฑ์เกี่ยวกับกิจกรรมการให้บริการทางสุขภาพ,6,1
84123,การกำหนดกฎเกณฑ์เกี่ยวกับกิจกรรมการให้บริการทางสิ่งแวดล้อมและที่พักอาศัย,2,1
84124,การกำหนดกฎเกณฑ์เกี่ยวกับกิจกรรมการให้บริการด้านกีฬา นันทนาการวัฒนธรรมและศาสนา,1,1
84131,การกำหนดกฎเกณฑ์และการสนับสนุนเพื่อเพิ่มประสิทธิภาพ ในการดำเนินงานทางการเกษตรกรรมการป่าไม้การประมง และการล่าสัตว์,1,1
84132,การกำหนดกฎเกณฑ์และการสนับสนุนเพื่อเพิ่มประสิทธิภาพ ในการดำเนินงานทางด้านเชื้อเพลิงและพลังงาน,2,1
84134,การกำหนดกฎเกณฑ์และการสนับสนุนเพื่อเพิ่มประสิทธิภาพ ในการดำเนินงานด้านการขนส่งและโทรคมนาคม,1,1
84135,การกำหนดกฎเกณฑ์และการสนับสนุนเพื่อเพิ่มประสิทธิภาพ ในการดำเนินงานด้านการขายส่งและการขายปลีก,1,1
84137,การกำหนดกฎเกณฑ์และการสนับสนุนเพื่อเพิ่มประสิทธิภาพ การบริหารงานทั่วไปเกี่ยวกับเศรษฐกิจพาณิชย์และแรงงาน,1,1
84239,กิจกรรมการจัดระเบียบและความปลอดภัยสาธารณะอื่นๆซึ่งมิได้ จัดประเภทไว้ในที่อื่น,1,1
85101,การศึกษาระดับประถมศึกษาสำหรับเด็กปกติ,236,1
85102,การศึกษาระดับประถมศึกษาสำหรับเด็กพิการ,2,1
85103,การศึกษาระดับประถมศึกษาโดยวิธีอื่นๆ,13,1
85211,การศึกษาระดับมัธยมศึกษาประเภทสามัญศึกษาสำหรับ ผู้เรียนปกติ,22,1
85213,การศึกษาระดับมัธยมศึกษาประเภทสามัญศึกษาโดยวิธีอื่นๆ,8,1
85220,การศึกษาระดับมัธยมศึกษาประเภทอาชีวศึกษา,67,1
85300,การศึกษาระดับอุดมศึกษา,1,1
85301,การศึกษาระดับอุดมศึกษา ต่ำกว่าปริญญา,29,1
85302,การศึกษาระดับอุดมศึกษา ปริญญาตรี,24,1
85303,การศึกษาระดับอุดมศึกษา ระดับปริญญาโทขึ้นไป,3,1
85410,การศึกษาด้านกีฬาและนันทนาการ,1061,3
85421,กิจกรรมการเรียนการสอนด้านการเต้นรำ,94,1
85422,กิจกรรมการเรียนการสอนด้านดนตรี,216,1
85423,กิจกรรมการเรียนการสอนด้านศิลปะ,58,1
85429,การศึกษาด้านวัฒนธรรมอื่น ๆ ซึ่งมิได้จัดประเภทไว้ในที่อื่น,33,1
85490,การศึกษาอื่น ๆ ซึ่งมิได้จัดประเภทไว้ในที่อื่น,1,1
85491,กิจกรรมการเรียนการสอนภาษา,913,3
85492,กิจกรรมการเรียนการสอนด้านเทคโนโลยีสารสนเทศ,222,1
85493,กิจกรรมการกวดวิชาทั่วไป,563,2
85494,กิจกรรมการเรียนการสอนตัดเสื้อผ้าและเสริมสวย,68,1
85495,กิจกรรมการเรียนการสอนสปาบำบัด,23,1
85496,กิจกรรมการเรียนการสอนนวด,32,1
85497,กิจกรรมการเรียนการสอนขับขี่,286,1
85499,การศึกษาอื่นๆซึ่งมิได้จัดประเภทไว้ในที่อื่น,893,3
85500,การบริการที่สนับสนุนการศึกษา,1200,3
85601,การศึกษาระดับก่อนประถมศึกษาสำหรับเด็กปกติ,158,1
85602,การศึกษาระดับก่อนประถมศึกษาสำหรับเด็กพิการ,3,1
86101,กิจกรรมโรงพยาบาล,894,3
86102,กิจกรรมโรงพยาบาลเฉพาะทาง,148,1
86201,กิจกรรมคลินิกโรคทั่วไป,1988,5
86202,กิจกรรมคลินิกโรคเฉพาะทาง,1545,4
86203,กิจกรรมทางทันตกรรม,692,2
86901,กิจกรรมด้านการพยาบาลและผดุงครรภ์,157,1
86902,กิจกรรมด้านกายภาพบำบัด,149,1
86903,กิจกรรมในห้องปฏิบัติการทางการแพทย์,458,2
86909,กิจกรรมอื่น ๆ ด้านสุขภาพของมนุษย์ ซึ่งมิได้จัดประเภทไว้ในที่อื่น,1209,4
87100,หน่วยบริการทางการพยาบาลที่จัดที่พักให้,65,1
87201,กิจกรรมการดูแลรักษาในสถานที่ที่มีที่พักและมีคนดูแลประจำ สำหรับผู้พิการทางสมอง,3,1
87202,กิจกรรมการดูแลรักษาในสถานที่ที่มีที่พักและมีคนดูแลประจำ สำหรับผู้มีปัญหาสุขภาพจิต,19,1
87203,กิจกรรมการดูแลรักษาในสถานที่ที่มีที่พักและมีคนดูแลประจำ สำหรับผู้ใช้สารเสพติด,10,1
87301,กิจกรรมการดูแลรักษาในสถานที่ที่มีที่พักและมีคนดูแลประจำ สำหรับผู้สูงอายุ,536,2
87302,กิจกรรมการดูแลรักษาในสถานที่ที่มีที่พักและมีคนดูแลประจำ สำหรับเด็กและเยาวชนพิการ,4,1
87303,กิจกรรมการดูแลรักษาในสถานที่ที่มีที่พักและมีคนดูแลประจำ สำหรับผู้พิการ,1,1
87901,กิจกรรมการดูแลรักษาในสถานที่ที่มีที่พักและมีคนดูแลประจำ สำหรับเด็กและเยาวชน (ยกเว้น ผู้พิการซึ่งไม่สามารถช่วยเหลือตนเองได้ทั้งหมด หรือผู้ที่ไม่สามารถอยู่ตามลำพังได้และผู้ใช้สารเสพติด),2,1
87909,กิจกรรมการดูแลรักษาในสถานที่ที่มีที่พักและมีคนดูแลประจำ สำหรับบุคคลอื่น ๆ ซึ่งมิได้จัดประเภทไว้ในที่อื่น,18,1
88101,กิจกรรมสังคมสงเคราะห์โดยไม่มีที่พักอาศัยสำหรับผู้สูงอายุ,52,1
88102,กิจกรรมสังคมสงเคราะห์โดยไม่มีที่พักอาศัยสำหรับผู้พิการ,4,1
88901,กิจกรรมการรับเลี้ยงเด็กกลางวัน,220,1
88909,กิจกรรมงานสังคมสงเคราะห์อื่นๆโดยไม่มีที่พักอาศัยซึ่งมิได้ จัดประเภทไว้ในที่อื่น,33,1
90000,กิจกรรมการสร้างสรรค์ศิลปะและความบันเทิง,2,1
90001,กิจกรรมการสร้างสรรค์ศิลปะ,353,1
90002,กิจกรรมด้านความบันเทิง,2040,6
91011,กิจกรรมห้องสมุด,1,1
91012,กิจกรรมหอจดหมายเหตุ,1,1
91020,กิจกรรมทางพิพิธภัณฑ์และการดำเนินงานเกี่ยวข้องกับแหล่ง โบราณสถานและอาคารทางประวัติศาสตร์,1,1
91021,กิจกรรมพิพิธภัณฑ์,46,1
91022,กิจกรรมการดำเนินงานเกี่ยวข้องกับโบราณสถานและอาคารทางประวัติศาสตร์,10,1
91031,กิจกรรมสวนพฤกษชาติและสวนสัตว์,56,1
91032,กิจกรรมการอนุรักษ์ธรรมชาติ,15,1
92001,กิจกรรมการขายสลากกินแบ่ง,1524,4
92009,กิจกรรมการพนันและการเสี่ยงโชคอื่นๆซึ่งมิได้จัดประเภทไว้ ในที่อื่น,1,1
93000,กิจกรรมด้านการกีฬา ความบันเทิงและนันทนาการ,2,1
93100,กิจกรรมด้านการกีฬา,3,1
93111,การดำเนินงานเกี่ยวกับสิ่งอำนวยความสะดวกสำหรับการแข่งขัน กีฬา,746,2
93112,การดำเนินงานของสถานที่ออกกำลังกาย,1015,3
93120,กิจกรรมด้านสโมสรกีฬา,252,1
93191,กิจกรรมการจัดการแข่งขันกีฬา,291,1
93192,กิจกรรมของสมาคม/สมาพันธ์กีฬา,5,1
93199,กิจกรรมอื่นๆทางด้านการกีฬาซึ่งมิได้จัดประเภทไว้ในที่อื่น,309,1
93200,กิจกรรมทางด้านความบันเทิงและนันทนาการอื่น ๆ,2,1
93210,กิจกรรมด้านสวนสนุกและธีมปาร์ค,154,1
93291,กิจกรรมสวนพักผ่อนหย่อนใจและชายหาด,16,1
93292,กิจกรรมการแสดงโชว์เพื่อความบันเทิงและการนันทนาการ,187,1
93293,กิจกรรมการดำเนินงานร้านเกมและตู้เกมหยอดเหรียญ,86,1
93299,กิจกรรมด้านความบันเทิงและการนันทนาการอื่นๆซึ่งมิได้ จัดประเภทไว้ในที่อื่น,371,1
94000,กิจกรรมขององค์กรสมาชิก,1,1
94100,กิจกรรมขององค์กรสมาชิกธุรกิจองค์กรสมาชิกนายจ้าง และองค์กรสมาชิกผู้ประกอบวิชาชีพ,1,1
94110,กิจกรรมขององค์กรสมาชิกธุรกิจและองค์กรสมาชิกนายจ้าง,3,1
94120,กิจกรรมขององค์กรสมาชิกผู้ประกอบวิชาชีพ,2,1
94900,กิจกรรมขององค์กรสมาชิกอื่น ๆ,2,1
94993,กิจกรรมขององค์กรด้านสิ่งแวดล้อมและนิเวศวิทยา,1,1
95100,การซ่อมคอมพิวเตอร์และอุปกรณ์สื่อสาร,1,1
95110,การซ่อมคอมพิวเตอร์และอุปกรณ์ต่อพ่วง,495,2
95120,การซ่อมอุปกรณ์สื่อสาร,156,1
95210,การซ่อมเครื่องอิเล็กทรอนิกส์สำหรับผู้บริโภค,128,1
95220,การซ่อมเครื่องใช้ในครัวเรือนและอุปกรณ์สำหรับบ้านและสวน,519,2
95230,การซ่อมรองเท้าและเครื่องหนัง,35,1
95240,การซ่อมเฟอร์นิเจอร์และของตกแต่งบ้าน,94,1
95291,การซ่อมนาฬิกา,12,1
95292,การซ่อมเครื่องแต่งกาย,8,1
95293,การซ่อมจักรยานสองล้อ,12,1
95294,การซ่อมเครื่องดนตรี,3,1
95295,การซ่อมเครื่องกีฬา,8,1
95299,การซ่อมของใช้ส่วนบุคคลและของใช้ในครัวเรือนอื่นๆซึ่งมิได้ จัดประเภทไว้ในที่อื่น,32,1
96000,กิจกรรมการบริการอื่นๆส่วนบุคคล,5,1
96100,การให้บริการด้านสุขภาพยกเว้นกิจกรรมทางด้านกีฬา,2,1
96101,กิจกรรมสปา,1411,4
96102,กิจกรรมการบริการลดน้ำหนัก,20,1
96103,กิจกรรมการแต่งผม,392,1
96104,กิจกรรมการดูแลความงามแต่งเล็บมือและเล็บเท้า,1255,4
96109,กิจกรรมการให้บริการด้านสุขภาพอื่นๆซึ่งมิได้จัดประเภทไว้ ในที่อื่น,203,1
96201,การบริการซักรีด (ยกเว้นโดยเครื่องซักผ้าชนิดหยอดเหรียญ),710,2
96202,การซักผ้าโดยเครื่องซักผ้าชนิดหยอดเหรียญ,696,2
96203,การบริการฟอกและย้อมสี,17,1
96301,กิจกรรมเกี่ยวกับงานศพและกิจกรรมที่เกี่ยวข้อง,30,1
96302,กิจกรรมการดูแลสัตว์เลี้ยง,132,1
96303,กิจกรรมการบริการด้วยเครื่องหยอดเหรียญ,77,1
96304,กิจกรรมโหราศาสตร์และไสยศาสตร์,85,1
96305,กิจกรรมการบริการอาบอบนวดและการบริการอื่นๆที่คล้ายกัน,124,1
96309,กิจกรรมการบริการอื่น ๆ ส่วนบุคคลซึ่งมิได้จัดประเภทไว้ในที่อื่น,2251,6
97000,กิจกรรมการจ้างงานในครัวเรือนในฐานะที่เป็นนายจ้างส่วนบุคคล,9,1
98100,กิจกรรมการผลิตสินค้าเพื่อใช้ในครัวเรือนซึ่งไม่สามารถจำแนก กิจกรรมได้อย่างชัดเจน,4,1
99000,กิจกรรมขององค์การระหว่างประเทศและภาคีสมาชิก,1,1
99009,กิจกรรมขององค์การระหว่างประเทศและภาคีสมาชิกอื่น ๆ ซึ่งมิได้จัดประเภทไว้ในที่อื่น,1,1
